BENNER,ESTOQUE,ANAMNESE,MICRO,MONITO,MOUSE,ACESS,ERRO,IMPRESSORA,SIHOSP,TEMPO
0,0,0,0,0,0,0,0,0,1.91,1-2H
0,0,0,0,7.05,0,0,0,0,0,MAIOR 4H
0,0,0,0,0,0,0,0,5.05,0,MAIOR 4H
0,0,0,6.02,6.02,0,0,0,0,0,MAIOR 4H
0,0,0,1.25,0,0,0,0,0,0,1-2H
0,0,0,1.37,0,0,0,0,0,0,1-2H
0,0,0,1.95,0,0,0,0,0,0,1-2H
0,0,0,0,0,0,0,0,6.92,0,MAIOR 4H
0,0,0,0,0,0,0,0,1.02,0,1-2H
1.08,0,0,0,0,0,0,0,0,0,1-2H
0,0,0,0,0,0,0,0,3.28,0,2-4H
0,0,0,0,0,0,2.7,0,0,0,2-4H
0,0,0,0,0,0,5.09,0,0,0,MAIOR 4H
0,0,0,0,3.39,0,0,0,0,0,2-4H
0,0,0,0,0,0,0,0,4.22,0,MAIOR 4H
0,0,0,0,0,0,0,0,1.97,0,1-2H
0,0,0,0,0,0,0,0,1.96,0,1-2H
0,0,0,0,0,0,0,0,0,7.94,MAIOR 4H
0,0,0,0,0,0,0,0,4,0,MAIOR 4H
0,0,0,0,1.93,0,0,0,0,0,1-2H
0,0,0,0,0,0,4.77,0,0,0,MAIOR 4H
0,0,0,0,0,0,0,0,0,1.16,1-2H
0,0,0,2.01,0,0,0,0,0,0,2-4H
0,0,0,0,2.28,0,0,0,0,0,2-4H
0,0,0,2.02,0,0,0,0,2.02,0,2-4H
0,0,0,0,0,0,0,0,2.01,0,2-4H
0,0,0,0,0,0,2.01,0,0,0,2-4H
0,0,0,0,0,1.04,0,0,0,0,1-2H
0,0,0,0,0,0,6.06,0,0,0,MAIOR 4H
0,0,0,0,0,0,0,0,1.2,0,1-2H
0,0,0,1.02,0,0,0,0,0,0,1-2H
0,0,0,0,0,0,0,0,0,2.01,2-4H
0,0,0,0,0,0,4.17,0,0,0,MAIOR 4H
0,0,0,4,0,0,0,0,4,0,2-4H
0,1.97,0,0,0,0,0,0,0,0,1-2H
7.93,0,0,7.93,0,0,0,0,0,0,MAIOR 4H
0,0,0,3,0,0,0,0,0,0,2-4H
0,0,0,0,0,0,2.01,0,0,0,2-4H
5.93,0,0,0,0,0,0,0,0,0,MAIOR 4H
0,0,0,2.79,0,0,0,0,2.79,0,2-4H
0,0,0,1.82,0,1.82,0,0,0,0,1-2H
0,0,0,0,0,0,9.85,0,0,0,MAIOR 4H
0,0,0,0,0,0,0,0,3.13,0,2-4H
0,0,0,3.32,0,0,0,0,0,3.32,2-4H
0,0,0,0,0,0,0,0,0,1.02,1-2H
3.72,0,0,0,0,0,0,0,0,3.72,2-4H
0,0,0,3.23,0,0,0,0,0,0,2-4H
0,0,0,0,0,0,0,0,7.06,0,MAIOR 4H
7.15,0,0,0,0,0,0,7.15,0,0,MAIOR 4H
0,0,0,0,0,0,0,4.07,0,0,MAIOR 4H
0,0,0,1.83,0,1.83,0,0,0,0,1-2H
0,0,0,8.09,0,0,0,0,0,0,MAIOR 4H
0,0,0,10.73,0,0,0,0,0,0,MAIOR 4H
0,0,0,0,0,0,3.13,0,0,0,2-4H
0,0,0,0,4.02,0,0,0,0,0,MAIOR 4H
0,0,0,0,0,0,2.68,0,0,2.68,2-4H
0,0,0,0,2.84,0,0,0,0,0,2-4H
0,0,0,1.27,0,0,0,0,0,0,1-2H
0,0,0,3.79,0,0,0,0,0,0,2-4H
0,0,0,1.15,0,1.15,0,0,0,0,1-2H
0,7.95,0,0,0,0,0,0,0,0,MAIOR 4H
0,0,0,1.07,0,0,0,0,0,0,1-2H
4.89,0,0,0,0,0,0,0,0,0,MAIOR 4H
0,0,0,0,2.1,2.1,0,0,0,0,2-4H
0,0,0,0,0,1.18,0,0,0,0,1-2H
0,0,0,1.84,0,0,0,0,0,0,1-2H
0,0,0,0,0,0,0,0,6.76,0,MAIOR 4H
0,0,0,3.68,0,0,0,0,0,0,2-4H
0,0,0,1.92,0,0,0,0,0,0,1-2H
0,0,0,0,0,0,0,0,4.73,0,MAIOR 4H
0,0,0,2.99,0,0,0,0,0,0,2-4H
1.18,0,0,0,0,0,0,0,0,0,1-2H
0,0,0,0,0,0,0,0,0,1.68,1-2H
0,0,0,2.96,0,0,0,0,0,0,2-4H
0,0,0,2.75,0,0,0,0,0,0,2-4H
0,0,0,1.85,0,0,0,0,0,0,1-2H
0,0,0,0,0,0,0,1.09,0,0,1-2H
0,0,0,0,0,0,0,1.05,0,0,1-2H
0,0,0,1.03,0,0,0,0,0,0,1-2H
0,0,0,0,0,0,9.07,0,0,0,MAIOR 4H
0,0,0,1.73,0,0,0,0,0,0,1-2H
0,0,0,10.14,0,0,0,0,0,0,MAIOR 4H
0,0,0,0,5.08,0,0,0,0,0,MAIOR 4H
0,0,0,0,0,0,0,0,7.02,0,MAIOR 4H
5.06,5.06,0,0,0,0,0,5.06,0,0,MAIOR 4H
0,0,0,11.84,0,0,0,0,11.84,0,MAIOR 4H
0,0,0,0,0,0,0,0,0,1.01,1-2H
0,0,0,0,0,0,0,0,8.04,0,MAIOR 4H
1.08,0,0,0,0,0,1.08,0,0,0,1-2H
0,2.17,0,0,0,0,0,0,0,0,2-4H
2.08,0,0,0,0,0,0,0,0,0,2-4H
0,0,0,11.91,0,0,0,11.91,0,0,MAIOR 4H
0,0,0,6.06,0,0,0,6.06,0,6.06,MAIOR 4H
0,0,0,0,0,0,9.91,0,0,0,MAIOR 4H
0,0,0,1.13,0,0,0,0,0,0,1-2H
0,0,0,1.92,0,0,0,0,0,0,1-2H
0,0,0,0,0,0,0,0,1.86,0,1-2H
0,0,0,0,0,0,11.78,0,0,0,MAIOR 4H
0,0,0,0,0,0,2.67,0,0,2.67,2-4H
0,0,0,0,0,0,0,2.12,0,0,2-4H
0,0,0,9.98,0,0,9.98,0,0,0,MAIOR 4H
0,0,0,0,0,0,10.22,10.22,0,0,MAIOR 4H
3.98,0,0,0,0,0,0,3.98,0,0,2-4H
0,0,0,0,1.87,0,0,0,0,0,1-2H
0,0,0,0,0,0,0,0,9.21,0,MAIOR 4H
0,0,0,0,0,0,0,7.1,0,0,MAIOR 4H
0,0,0,0,1.85,0,0,0,0,0,1-2H
0,0,0,0,0,0,0,0,1.1,0,1-2H
0,0,0,9.97,9.97,0,0,0,0,0,MAIOR 4H
0,0,0,5.93,5.93,0,0,0,0,0,MAIOR 4H
4.23,0,0,0,0,0,0,0,0,0,MAIOR 4H
0,0,0,0,0,0,0,7.03,0,0,MAIOR 4H
0,0,0,0,6.69,0,0,0,0,0,MAIOR 4H
0,0,0,4.9,0,0,0,0,0,0,MAIOR 4H
5.98,0,0,0,0,0,0,5.98,0,0,MAIOR 4H
0,0,0,0,0,0,0,1.25,0,0,1-2H
0,0,0,3.86,0,3.86,0,0,0,0,2-4H
0,0,0,3.97,0,3.97,0,0,0,0,2-4H
0,0,0,0,0,0,0,0,3.18,0,2-4H
0,0,0,0,0,3.7,0,0,0,0,2-4H
0,0,0,2.05,0,2.05,0,0,0,0,2-4H
3.86,0,0,0,0,0,0,3.86,0,0,2-4H
0,0,0,3.93,0,0,3.93,0,0,0,2-4H
0,0,0,5.25,0,0,0,0,0,0,MAIOR 4H
0,0,0,0,0,0,0,0,2.05,0,2-4H
11.99,0,0,0,0,0,0,0,0,0,MAIOR 4H
0,0,0,0,0,0,0,0,0,7.2,MAIOR 4H
0,0,0,0,0,0,1.17,0,0,0,1-2H
0,0,0,0,0,0,0,3.96,0,0,2-4H
0,0,0,1.13,0,0,0,0,0,0,1-2H
0,0,0,0,0,0,3.93,0,0,0,2-4H
0,0,0,1.94,0,0,0,0,1.94,0,1-2H
0,0,0,0,0,0,0,0,0,2.16,2-4H
0,0,0,2.79,0,0,0,0,0,0,2-4H
0,0,0,0,0,0,0,11.03,0,0,MAIOR 4H
4.12,0,0,0,0,0,0,0,0,0,MAIOR 4H
0,0,0,3.08,0,0,0,0,0,0,2-4H
0,0,0,0,0,0,9.88,0,9.88,0,MAIOR 4H
0,0,0,1.02,0,0,0,0,0,0,1-2H
0,0,0,0,8,0,0,0,0,0,MAIOR 4H
0,0,0,0,0,0,0,0,0,1.17,1-2H
0,0,0,0,0,0,0,0,6.86,0,MAIOR 4H
0,0,0,0,0,0,1.17,0,0,1.17,1-2H
0,0,0,3.01,0,0,3.01,0,0,0,2-4H
0,0,0,0,0,0,0,2.36,0,0,2-4H
0,0,0,1.02,0,0,0,0,0,0,1-2H
0,0,0,0,0,0,0,0,7.02,0,MAIOR 4H
0,0,0,0,0,0,1.84,0,0,0,1-2H
0,0,0,0,0,0,0,0,8.08,0,MAIOR 4H
0,0,0,0,0,0,0,0,2.85,0,2-4H
0,0,0,3.98,0,0,0,0,0,0,2-4H
1.26,0,0,0,0,0,0,0,0,0,1-2H
0,0,0,0,0,0,0,1.04,0,0,1-2H
2.97,0,0,2.97,0,0,0,0,0,0,2-4H
0,0,0,2.98,0,0,0,0,0,0,2-4H
0,0,0,0,0,0,0,0,8.25,0,MAIOR 4H
0,0,0,0,0,0,1.7,0,0,0,1-2H
0,0,0,0,0,3.2,0,0,0,0,2-4H
0,0,0,0,0,0,0,0,3.05,0,2-4H
0,0,0,3.88,0,0,0,0,0,0,2-4H
0,0,0,0,0,0,0,4.8,0,0,MAIOR 4H
0,0,0,3.05,0,0,0,0,0,0,2-4H
0,0,0,0,0,0,0,0,3.07,0,2-4H
0,0,0,0,0,0,0,2.08,0,0,2-4H
0,0,0,11.16,0,0,0,0,0,0,MAIOR 4H
0,0,0,0,0,0,0,0,0,2.09,2-4H
0,0,0,0,0,0,0,0,11.8,0,MAIOR 4H
0,0,0,2.03,0,0,2.03,0,0,0,2-4H
0,0,0,1.3,0,0,0,1.3,0,0,1-2H
0,0,0,0,0,0,0,0,0,5.04,MAIOR 4H
0,0,0,0,0,0,0,0,4.02,0,MAIOR 4H
0,0,0,0,0,0,6.83,0,0,6.83,MAIOR 4H
0,0,0,11.81,0,0,0,0,0,0,MAIOR 4H
0,0,0,1.26,0,0,0,0,0,0,1-2H
0,0,0,3.1,0,0,0,0,0,0,2-4H
0,0,0,7.85,0,0,0,0,0,0,MAIOR 4H
0,0,0,0,0,0,1.07,0,0,0,1-2H
0,0,0,8.18,0,0,0,0,0,0,MAIOR 4H
3.01,0,0,0,0,0,0,0,0,0,2-4H
0,0,0,0,0,0,1.14,0,0,0,1-2H
0,0,0,0,0,5.03,0,0,0,0,MAIOR 4H
0,0,0,5.82,0,0,0,0,0,0,MAIOR 4H
0,0,0,0,0,0,4.06,0,0,0,MAIOR 4H
1.18,0,0,0,0,0,0,0,0,0,1-2H
0,0,0,0,0,0,0,0,5.8,0,MAIOR 4H
0,0,0,0,0,0,0,0,7.01,0,MAIOR 4H
0,0,0,0,0,0,0,0,5.94,0,MAIOR 4H
0,0,0,0,0,0,1.03,0,0,0,1-2H
1.27,0,0,0,0,0,0,0,0,0,1-2H
0,0,0,0,0,0,4.69,0,0,0,MAIOR 4H
0,0,0,0,0,0,0,0,3.05,0,2-4H
0,0,0,0,0,0,1.2,0,0,0,1-2H
0,0,0,1.13,0,0,0,0,0,0,1-2H
0,0,0,0,1.08,0,0,0,0,0,1-2H
0,0,0,0,0,0,0,0,3.05,0,2-4H
0,0,0,3.28,0,0,0,0,0,0,2-4H
0,0,0,0,0,0,2.21,0,0,0,2-4H
0,0,0,0,4.96,0,0,0,0,0,MAIOR 4H
0,0,0,5.08,5.08,0,0,0,0,0,MAIOR 4H
0,4.89,0,0,0,0,0,0,0,0,MAIOR 4H
0,0,0,0,0,0,0,0,4.02,0,MAIOR 4H
0,0,0,0,0,0,5.96,0,0,5.96,MAIOR 4H
0,0,0,0,0,0,0,1.98,0,0,1-2H
0,0,0,0,0,0,0,2,0,0,1-2H
0,0,0,0,0,0,1.8,0,0,0,1-2H
0,0,0,1.02,0,0,0,0,0,0,1-2H
0,0,0,0,0,0,0,8.99,0,0,MAIOR 4H
0,0,0,1.35,0,0,0,0,0,0,1-2H
0,0,0,1.31,0,0,0,0,0,0,1-2H
0,0,0,0,0,0,0,0,2.27,0,2-4H
0,0,0,3.37,0,0,3.37,0,0,0,2-4H
0,0,0,0,0,0,0,3.01,0,0,2-4H
0,0,0,3.78,0,0,0,0,0,0,2-4H
3.72,0,0,0,0,0,0,3.72,0,0,2-4H
0,0,0,0,0,0,0,10.14,0,0,MAIOR 4H
3.89,0,0,0,0,0,0,0,0,0,2-4H
0,0,0,0,0,3.11,0,0,0,0,2-4H
0,0,0,0,0,0,0,6.22,0,0,MAIOR 4H
0,0,0,0,0,0,0,0,10.04,0,MAIOR 4H
0,0,0,0,10.25,0,0,0,0,0,MAIOR 4H
0,0,0,0,1.99,0,0,0,0,0,1-2H
0,0,0,0,0,0,0,0,0,11.13,MAIOR 4H
0,0,0,0,0,0,0,1.27,1.27,0,1-2H
6,0,0,0,0,0,0,0,0,0,MAIOR 4H
0,0,0,6.18,0,6.18,0,0,0,0,MAIOR 4H
0,0,0,6.18,0,6.18,0,0,0,0,MAIOR 4H
0,0,0,6.03,0,0,0,0,0,0,MAIOR 4H
0,0,0,7.13,0,0,0,0,0,0,MAIOR 4H
0,0,0,1.97,0,0,0,0,0,0,1-2H
0,0,0,7.19,0,0,7.19,0,0,7.19,MAIOR 4H
0,0,0,1.24,0,0,0,0,0,0,1-2H
0,0,0,5.25,0,5.25,0,0,0,0,MAIOR 4H
0,0,0,0,0,0,0,5.21,0,0,MAIOR 4H
0,0,0,0,6.96,0,0,0,0,0,MAIOR 4H
0,0,0,1.19,0,0,0,0,0,0,1-2H
0,0,0,0,0,0,0,2.23,0,0,2-4H
0,0,0,0,0,0,0,2.9,0,0,2-4H
0,0,0,0,0,3.01,0,0,0,0,2-4H
0,0,0,2.22,0,0,0,0,0,0,2-4H
0,0,0,0,0,0,0,0,2.26,0,2-4H
4.95,0,0,0,0,0,0,0,0,0,MAIOR 4H
0,0,0,5.78,0,0,0,0,0,0,MAIOR 4H
0,0,0,0,0,0,0,0,1.28,0,1-2H
0,0,0,0,0,0,1.03,0,0,0,1-2H
0,0,0,1.14,0,0,0,0,0,0,1-2H
0,0,0,5.85,0,0,0,0,0,0,MAIOR 4H
0,0,0,2.29,0,0,0,0,0,0,2-4H
0,0,0,7.84,0,0,0,0,0,0,MAIOR 4H
3.9,0,0,0,0,0,0,3.9,0,0,2-4H
0,0,0,0,0,2.08,0,0,0,0,2-4H
1.2,0,0,0,0,0,0,0,0,0,1-2H
0,0,0,0,0,0,2.76,0,0,0,2-4H
1.04,0,0,0,0,0,1.04,1.04,0,0,1-2H
0,0,0,0,0,0,0,1.06,0,0,1-2H
0,0,0,0,0,0,1.97,0,0,0,1-2H
0,0,0,0,0,0,2.63,0,0,0,2-4H
0,0,0,0,0,0,0,0,3.02,0,2-4H
0,0,0,0,0,0,0,1.11,0,0,1-2H
0,0,0,0,0,0,0,0,1.28,0,1-2H
0,0,0,0,0,0,0,1.29,0,0,1-2H
0,0,0,3.25,0,0,0,0,0,0,2-4H
0,0,0,3.3,0,0,0,0,0,0,2-4H
0,0,0,3.02,0,0,0,0,0,0,2-4H
0,0,0,3.02,0,0,0,0,0,0,2-4H
0,0,0,0,3.12,0,0,0,0,0,2-4H
0,0,0,5.28,0,0,5.28,0,0,0,MAIOR 4H
0,0,0,0,0,0,0,0,1.97,0,1-2H
0,0,0,0,0,0,0,1.71,0,0,1-2H
0,0,0,0,0,0,4.23,0,0,4.23,MAIOR 4H
0,0,0,0,0,0,0,0,5.34,0,MAIOR 4H
0,0,0,0,0,0,0,1.36,0,0,1-2H
0,0,0,0,1.31,0,0,0,0,0,1-2H
0,0,0,4.95,0,0,0,0,0,0,MAIOR 4H
0,0,0,0,0,0,0,0,7.34,0,MAIOR 4H
8.04,0,0,0,0,0,0,0,0,0,MAIOR 4H
1.96,0,0,0,0,0,1.96,1.96,0,0,1-2H
0,0,0,0,0,0,0,7.72,0,0,MAIOR 4H
0,0,0,1.19,0,0,0,0,0,0,1-2H
0,0,0,0,0,0,0,0,9.35,0,MAIOR 4H
0,0,0,6.88,0,0,0,0,0,0,MAIOR 4H
0,0,0,0,0,0,0,0,6.31,0,MAIOR 4H
0,1.94,0,0,0,0,1.94,0,0,0,1-2H
1.98,0,0,0,0,0,0,0,0,1.98,1-2H
0,0,0,0,0,0,0,0,6.42,0,MAIOR 4H
0,0,0,0,5.3,0,0,0,0,0,MAIOR 4H
0,0,0,0,6.26,0,0,0,0,0,MAIOR 4H
0,0,0,0,0,0,0,2.01,0,0,2-4H
0,0,0,0,0,3.71,0,0,0,0,2-4H
0,0,0,0,0,0,0,4.76,0,0,MAIOR 4H
0,0,0,4.03,0,0,0,0,0,0,MAIOR 4H
0,0,0,0,0,0,0,10.96,0,0,MAIOR 4H
0,0,0,8.04,0,0,0,0,0,0,MAIOR 4H
0,0,0,0,0,0,0,0,11.23,0,MAIOR 4H
0,0,0,0,0,0,1.65,0,0,1.65,1-2H
0,0,0,0,4.2,0,0,0,0,0,MAIOR 4H
0,0,0,1.24,0,0,0,0,0,0,1-2H
0,0,0,4.19,0,0,0,0,0,0,MAIOR 4H
0,0,0,0,0,0,0,0,4.18,0,MAIOR 4H
0,0,0,4.03,0,0,0,0,0,0,MAIOR 4H
0,0,0,2.98,0,0,0,0,0,0,2-4H
0,0,0,0,0,0,5.93,0,0,0,MAIOR 4H
0,0,0,0,0,0,0,1.04,0,0,1-2H
0,0,0,4.19,0,0,0,0,0,0,MAIOR 4H
0,0,0,2.92,0,0,0,0,0,0,2-4H
2.85,0,0,0,0,0,2.85,0,0,2.85,2-4H
0,0,0,0,0,0,2.66,0,0,2.66,2-4H
0,0,0,0,0,0,6.03,0,0,0,MAIOR 4H
0,0,0,0,6.97,0,0,0,0,0,MAIOR 4H
0,0,0,1.03,0,0,0,0,0,0,1-2H
0,0,0,0,0,0,0,0,1.15,0,1-2H
7.03,0,0,0,0,0,0,0,0,0,MAIOR 4H
0,0,0,0,0,0,2.86,0,0,2.86,2-4H
0,0,0,10.11,0,0,0,0,0,0,MAIOR 4H
0,0,0,0,0,0,0,4.76,0,0,MAIOR 4H
0,0,0,0,0,0,0,4.29,0,0,MAIOR 4H
0,0,0,10.59,0,0,0,0,0,0,MAIOR 4H
0,0,0,0,0,0,0,1.19,0,0,1-2H
0,0,0,0,0,0,0,0,1.07,0,1-2H
2.18,0,0,0,0,0,0,0,0,0,2-4H
3.1,0,0,0,0,0,0,0,0,3.1,2-4H
0,0,0,0,0,0,0,0,2.25,0,2-4H
0,0,0,0,6.02,0,0,0,0,0,MAIOR 4H
0,0,0,1.88,0,0,0,0,0,0,1-2H
0,0,0,0,0,0,0,0,4.84,0,MAIOR 4H
0,0,0,1.11,0,0,0,0,0,0,1-2H
0,0,0,11.11,0,0,0,0,0,0,MAIOR 4H
6.21,0,0,0,0,0,0,0,0,0,MAIOR 4H
1.22,0,0,0,0,0,0,1.22,0,0,1-2H
10.72,0,0,0,0,0,0,0,0,0,MAIOR 4H
0,0,0,1.22,0,1.22,0,0,0,0,1-2H
3.09,3.09,0,0,0,0,3.09,0,0,0,2-4H
0,0,0,0,0,0,0,0,1.81,0,1-2H
0,0,5.24,0,0,0,0,0,0,0,MAIOR 4H
0,0,0,1.11,0,0,0,0,1.11,0,1-2H
0,0,0,0,0,0,0,8.78,0,0,MAIOR 4H
0,0,0,2.02,0,0,0,0,0,0,2-4H
0,0,0,0,0,0,0,0,0,8.12,MAIOR 4H
1.24,0,0,0,0,0,0,0,0,0,1-2H
0,0,0,0,0,0,0,0,6.02,0,MAIOR 4H
1.1,0,0,0,0,0,0,0,0,0,1-2H
0,0,0,3.37,0,0,0,0,0,0,2-4H
0,0,0,0,5.19,0,0,0,0,0,MAIOR 4H
0,0,0,3.21,0,0,0,0,0,0,2-4H
0,0,0,3.13,0,0,0,0,0,0,2-4H
0,0,0,2.9,0,0,0,0,0,0,2-4H
0,0,0,2.79,0,0,0,0,0,0,2-4H
0,0,0,0,0,0,7.21,0,0,7.21,MAIOR 4H
0,0,0,4.05,0,0,0,0,0,0,MAIOR 4H
0,3.83,0,0,0,0,0,3.83,0,0,2-4H
0,0,0,0,0,0,0,0,3.81,0,2-4H
0,0,0,0,0,0,0,0,2.96,0,2-4H
0,0,1.14,0,0,0,0,0,0,0,1-2H
0,0,0,7.89,0,0,0,0,0,0,MAIOR 4H
0,0,0,0,0,0,0,3.87,0,0,2-4H
0,0,0,7.96,0,0,0,0,0,0,MAIOR 4H
0,0,0,0,0,0,10.92,0,0,0,MAIOR 4H
0,1.04,0,0,0,0,0,1.04,0,0,1-2H
4.19,0,0,0,0,0,0,4.19,0,0,MAIOR 4H
0,0,0,0,0,0,0,0,5.88,0,MAIOR 4H
1.1,0,0,0,0,0,1.1,0,0,0,1-2H
0,0,0,0,0,0,6.91,0,0,0,MAIOR 4H
0,0,0,4.2,0,0,0,0,0,0,MAIOR 4H
0,0,0,0,0,0,0,0,0,4.23,MAIOR 4H
0,0,0,5.84,0,0,0,5.84,5.84,0,MAIOR 4H
0,0,0,4.97,0,0,0,0,0,0,MAIOR 4H
0,0,0,0,0,0,1.02,0,0,1.02,1-2H
0,0,0,0,0,0,0,0,0,2.13,2-4H
0,0,0,0,0,0,0,0,7.15,0,MAIOR 4H
0,0,0,0,5.06,0,0,0,0,0,MAIOR 4H
0,0,0,0,0,0,0,0,5.1,0,MAIOR 4H
0,0,0,0,0,0,1.08,0,0,0,1-2H
7.09,0,0,0,0,0,0,7.09,0,0,MAIOR 4H
0,0,0,0,0,0,0,0,11.25,0,MAIOR 4H
3.97,0,0,0,0,0,0,3.97,0,0,2-4H
0,0,0,1.24,0,0,0,0,0,0,1-2H
0,0,0,0,10.19,0,0,0,0,0,MAIOR 4H
0,0,0,0,0,0,0,8.1,0,0,MAIOR 4H
0,0,0,0,0,0,0,0,6.35,0,MAIOR 4H
0,0,0,0,0,0,0,0,6.2,0,MAIOR 4H
0,0,0,1.02,0,0,1.02,0,0,0,1-2H
0,0,0,0,0,0,1.18,0,0,1.18,1-2H
1.13,0,0,0,0,0,0,0,0,0,1-2H
0,0,0,0,0,0,0,1.13,0,0,1-2H
7.94,0,0,0,0,0,0,7.94,0,0,MAIOR 4H
0,3.96,0,0,0,0,0,3.96,0,0,2-4H
0,0,0,0,0,0,4.15,0,0,0,MAIOR 4H
3.87,0,0,0,0,0,0,0,0,0,2-4H
0,0,0,0,0,0,0,0,2.95,0,2-4H
4.98,0,0,0,0,0,0,0,0,0,MAIOR 4H
0,0,0,4.22,0,0,0,0,0,0,MAIOR 4H
0,0,0,3.25,0,0,0,0,0,0,2-4H
0,0,0,0,0,0,3.14,0,0,0,2-4H
0,0,0,0,0,0,0,7.06,0,0,MAIOR 4H
0,0,0,0,0,0,1.08,0,0,0,1-2H
0,0,0,0,0,0,0,0,8.18,0,MAIOR 4H
0,0,0,0,0,0,0,4.16,0,0,MAIOR 4H
0,0,0,0,0,0,0,0,4.18,0,MAIOR 4H
0,0,0,10.99,0,0,0,10.99,0,0,MAIOR 4H
0,0,0,0,0,0,2.22,0,0,0,2-4H
0,0,0,1.01,0,0,0,0,0,0,1-2H
0,0,0,0,0,2.12,0,0,0,0,2-4H
0,0,0,1.11,0,0,0,0,0,0,1-2H
0,0,0,0,0,0,0,2.29,0,0,2-4H
0,0,0,0,0,0,0,1.95,0,0,1-2H
0,0,0,0,0,0,0,0,1.3,0,1-2H
0,0,0,0,0,0,0,0,5.23,0,MAIOR 4H
0,0,0,0,0,0,0,0,0,3.94,2-4H
0,0,0,5.72,0,0,0,5.72,0,0,MAIOR 4H
0,0,0,0,0,0,7.18,0,0,0,MAIOR 4H
0,0,0,0,0,0,0,0,0,6.88,MAIOR 4H
0,0,0,0,0,0,5.32,0,0,5.32,MAIOR 4H
0,0,0,0,0,0,0,6.06,0,0,MAIOR 4H
6.76,0,0,0,0,0,0,0,0,0,MAIOR 4H
0,0,0,1.2,0,0,0,0,1.2,0,1-2H
3.91,0,0,0,0,0,0,0,0,0,2-4H
0,0,0,0,0,0,3.03,0,0,0,2-4H
0,0,0,0,0,0,0,4.19,0,0,MAIOR 4H
0,0,0,0,0,0,0,6.16,0,0,MAIOR 4H
0,0,0,0,0,0,0,11.92,0,0,MAIOR 4H
0,0,0,0,0,0,0,3.79,0,0,2-4H
0,0,0,0,0,0,0,5.05,0,0,MAIOR 4H
0,0,0,1.08,0,0,0,0,0,0,1-2H
0,0,0,0,0,0,0,0,4.73,0,MAIOR 4H
0,0,0,0,7.03,0,0,0,0,0,MAIOR 4H
0,0,0,0,0,0,3.03,0,0,0,2-4H
0,0,0,5.94,0,0,0,0,0,0,MAIOR 4H
2.82,0,0,0,0,0,0,0,0,0,2-4H
0,0,0,0,4.76,0,0,0,0,0,MAIOR 4H
0,0,0,0,0,0,0,0,0,2.1,2-4H
0,2.73,0,0,0,0,0,0,0,0,2-4H
0,0,0,0,0,0,0,7.02,0,0,MAIOR 4H
0,0,0,1.18,0,0,0,0,0,0,1-2H
0,0,0,0,0,0,8.15,0,0,0,MAIOR 4H
2.97,0,0,0,0,0,0,2.97,0,0,2-4H
0,0,0,0,0,0,6.66,0,0,0,MAIOR 4H
0,0,0,0,0,0,0,0,0,2.78,2-4H
0,0,0,0,0,0,0,0,6.98,0,MAIOR 4H
0,0,0,1.23,0,0,0,0,0,0,1-2H
0,0,0,1.99,0,0,0,0,0,0,1-2H
3.1,0,0,0,0,0,3.1,0,0,0,2-4H
0,0,0,0,0,0,3.96,0,0,0,2-4H
0,0,0,0,0,0,0,2.72,0,0,2-4H
0,0,0,0,0,0,0,5.97,0,0,MAIOR 4H
0,0,0,5.01,0,0,0,0,0,0,MAIOR 4H
11.01,0,0,11.01,0,0,0,0,0,0,MAIOR 4H
0,0,0,9.98,0,0,0,0,0,0,MAIOR 4H
0,1.94,0,0,0,0,0,0,0,0,1-2H
7.02,0,0,0,0,0,0,0,0,0,MAIOR 4H
0,0,0,0,0,0,2.23,0,0,0,2-4H
0,0,0,0,0,0,4,0,0,0,MAIOR 4H
0,0,0,0,0,0,6.96,0,0,0,MAIOR 4H
2.82,0,0,0,0,0,0,0,0,0,2-4H
0,0,0,0,0,0,0,0,3.85,0,2-4H
0,0,0,0,0,0,0,2.84,0,0,2-4H
0,0,0,0,0,0,7.07,0,0,0,MAIOR 4H
0,0,0,0,6.75,6.75,0,0,0,0,MAIOR 4H
0,0,0,0,0,0,1.28,0,0,0,1-2H
0,0,0,0,0,0,1.07,0,0,0,1-2H
0,1.14,0,0,0,0,0,1.14,0,0,1-2H
4.63,0,0,0,0,0,0,0,0,0,MAIOR 4H
5.09,0,0,0,0,0,0,5.09,0,0,MAIOR 4H
0,0,0,0,0,0,0,0,6.21,0,MAIOR 4H
0,0,0,0,0,0,0,0,0,8.07,MAIOR 4H
0,0,0,5.72,0,0,0,0,0,0,MAIOR 4H
0,0,0,5.81,0,0,0,0,0,0,MAIOR 4H
0,0,0,3.98,0,0,0,0,0,0,2-4H
0,0,0,3.74,0,0,0,0,0,0,2-4H
0,0,0,0,0,0,4.81,0,0,0,MAIOR 4H
0,0,0,0,0,0,0,0,6.12,0,MAIOR 4H
0,0,0,0,0,0,0,0,0,1.31,1-2H
0,0,0,0,0,0,1.78,0,0,0,1-2H
0,0,0,0,0,0,1.18,0,0,0,1-2H
3.88,0,0,3.88,0,0,0,0,0,0,2-4H
0,0,0,0,0,0,1.09,0,0,1.09,1-2H
0,0,0,0,0,0,1.26,0,0,0,1-2H
0,0,0,0,0,0,3.19,0,0,3.19,2-4H
0,0,0,0,0,0,1.26,0,0,0,1-2H
0,0,0,0,0,0,1.18,0,0,1.18,1-2H
8.16,0,0,0,0,0,0,0,0,0,MAIOR 4H
0,0,0,2.86,0,0,2.86,0,0,0,2-4H
0,0,0,9.24,0,0,0,0,0,0,MAIOR 4H
0,0,0,9.21,0,0,0,0,0,0,MAIOR 4H
0,0,0,4.17,0,0,0,0,0,4.17,MAIOR 4H
0,0,0,8.99,0,0,8.99,0,0,0,MAIOR 4H
2.18,0,0,0,0,0,0,0,0,0,2-4H
0,0,0,1.02,0,0,0,0,0,0,1-2H
1.92,0,0,0,0,0,1.92,0,0,0,1-2H
0,0,0,0,0,0,0,0,0,7.72,MAIOR 4H
0,0,0,0,0,0,0,0,0,9.31,MAIOR 4H
8.27,0,0,0,0,0,8.27,0,0,0,MAIOR 4H
0,0,0,0,0,0,6.21,0,0,0,MAIOR 4H
0,0,0,0,0,0,8.24,0,0,0,MAIOR 4H
0,0,0,0,0,0,6.02,0,0,0,MAIOR 4H
0,0,0,5.85,0,0,0,0,0,0,MAIOR 4H
0,0,0,0,0,0,0,0,0,1.11,1-2H
0,0,0,0,0,0,11,0,0,0,MAIOR 4H
2.91,0,0,0,0,0,0,0,0,0,2-4H
6.89,0,0,0,0,0,0,0,0,0,MAIOR 4H
0,0,0,0,0,0,0,6.89,0,0,MAIOR 4H
0,0,0,0,0,0,0,8.02,0,0,MAIOR 4H
5.17,0,0,0,0,0,5.17,0,0,0,MAIOR 4H
1.23,0,0,0,0,0,0,0,0,0,1-2H
0,0,0,0,0,0,0,7.84,0,0,MAIOR 4H
0,0,0,5.96,0,0,5.96,0,0,0,MAIOR 4H
0,0,0,0,0,0,0,1.98,0,0,1-2H
0,0,0,6,0,0,0,0,0,0,MAIOR 4H
0,0,0,0,0,0,0,0,0,4.59,MAIOR 4H
0,0,0,0,0,2.1,0,0,0,0,2-4H
0,0,0,0,0,0,0,0,1.79,0,1-2H
0,0,0,0,0,0,0,0,1.09,0,1-2H
0,0,0,0,0,0,4.92,0,0,0,MAIOR 4H
0,0,0,3.2,0,0,0,0,0,0,2-4H
0,0,0,3.27,0,0,0,0,0,0,2-4H
0,0,0,2.16,0,0,0,0,0,0,2-4H
6.92,0,0,0,0,0,0,0,0,0,MAIOR 4H
0,0,0,0,3.18,0,0,0,0,0,2-4H
0,0,0,2.77,0,2.77,0,0,0,0,2-4H
2.76,0,0,0,0,0,0,0,0,0,2-4H
0,0,0,1.04,0,0,0,0,0,0,1-2H
2.75,0,0,0,0,0,0,0,0,0,2-4H
0,0,0,0,1.19,0,0,0,0,0,1-2H
0,0,0,3.21,0,0,0,0,0,0,2-4H
0,0,0,0,0,0,3.66,0,0,0,2-4H
0,0,0,0,3.86,0,0,0,0,0,2-4H
0,0,0,0,0,0,0,0,0,10.76,MAIOR 4H
0,0,0,3.15,0,0,0,0,3.15,0,2-4H
0,0,0,0,0,0,0,1.06,0,0,1-2H
0,0,0,0,0,0,0,1.14,0,0,1-2H
0,0,0,0,2.86,0,0,0,0,0,2-4H
0,0,0,0,0,0,0,0,0,4.02,MAIOR 4H
0,0,0,4,0,0,0,0,0,0,2-4H
0,0,0,0,0,0,0,5.19,0,0,MAIOR 4H
0,0,0,0,0,0,0,1.1,0,0,1-2H
0,0,0,0,0,0,0,0,1.08,0,1-2H
0,0,0,0,1.03,0,0,0,0,0,1-2H
0,0,0,0,0,0,4.92,0,0,0,MAIOR 4H
0,0,0,1.07,0,0,0,0,0,0,1-2H
0,0,0,0,0,0,3.2,0,0,0,2-4H
8.91,0,0,0,0,0,0,0,0,0,MAIOR 4H
0,0,0,0,0,0,0,0,6.2,0,MAIOR 4H
0,0,0,0,0,2.02,0,0,0,0,2-4H
0,0,0,0,1.35,0,0,0,0,0,1-2H
0,0,0,5.89,0,0,0,0,0,0,MAIOR 4H
0,0,0,0,5.92,0,0,0,0,0,MAIOR 4H
8.99,0,0,0,0,0,0,0,0,0,MAIOR 4H
3.66,0,0,0,0,0,0,0,0,0,2-4H
0,0,0,0,0,0,0,0,1.26,0,1-2H
0,0,0,0,0,0,0,0,1.3,0,1-2H
0,0,0,1.98,0,0,0,0,0,0,1-2H
0,0,0,2.07,0,0,0,0,0,0,2-4H
4.58,0,0,0,0,0,0,0,0,0,MAIOR 4H
0,0,0,0,0,1.79,0,0,0,0,1-2H
0,0,0,0,0,0,7.89,0,0,7.89,MAIOR 4H
0,0,0,0,3.03,0,0,0,0,0,2-4H
0,0,0,0,3.16,0,0,0,0,0,2-4H
0,0,0,0,0,0,0,0,6.15,0,MAIOR 4H
0,0,0,0,0,0,3.01,0,0,0,2-4H
0,0,0,0,0,0,7.04,0,0,0,MAIOR 4H
0,0,0,2.98,0,2.98,0,0,0,0,2-4H
0,0,0,0,0,0,2.68,0,0,0,2-4H
0,0,0,0,0,0,0,0,4.03,0,MAIOR 4H
0,0,0,0,0,0,1.91,0,0,0,1-2H
0,0,0,0,0,0,0,0,1.21,0,1-2H
0,0,0,0,0,0,0,1.76,0,0,1-2H
6.2,0,0,0,0,0,0,0,0,0,MAIOR 4H
0,0,0,0,0,0,0,0,0,1.18,1-2H
0,0,0,0,1.32,0,0,0,0,0,1-2H
0,0,0,0,0,1.31,0,0,0,0,1-2H
8.22,0,0,0,0,0,0,0,0,0,MAIOR 4H
0,0,0,0,0,0,0,0,8,0,MAIOR 4H
0,0,0,1.14,0,0,0,0,0,0,1-2H
0,0,0,7.05,0,0,0,7.05,0,0,MAIOR 4H
5.07,0,0,0,0,0,0,0,0,0,MAIOR 4H
0,0,0,0,0,0,1.07,0,0,1.07,1-2H
0,0,0,2.26,0,0,0,0,0,0,2-4H
5.1,0,0,0,0,0,0,0,0,0,MAIOR 4H
0,0,0,2.04,0,0,0,0,0,0,2-4H
0,0,0,0,0,0,0,3.99,0,0,2-4H
0,0,0,0,0,0,0,3.96,0,0,2-4H
4.09,0,0,0,0,0,4.09,0,0,0,MAIOR 4H
0,0,0,1.08,0,0,0,0,0,0,1-2H
0,0,0,0,0,0,0,0,4.23,0,MAIOR 4H
0,0,0,0,0,0,0,0,3.8,0,2-4H
0,0,0,0,0,0,0,5.95,0,0,MAIOR 4H
0,5.76,0,0,0,0,0,0,0,0,MAIOR 4H
0,0,0,0,0,0,5.25,0,0,0,MAIOR 4H
1.95,0,0,0,0,0,0,0,0,0,1-2H
0,0,0,1.25,0,0,0,0,0,0,1-2H
0,0,0,0,0,0,0,0,0,4.29,MAIOR 4H
0,0,0,1.04,0,0,0,0,0,0,1-2H
0,0,0,0,0,0,1.17,0,0,0,1-2H
0,0,0,0,9.93,0,0,0,0,0,MAIOR 4H
0,0,0,0,0,0,3.74,0,0,3.74,2-4H
0,0,0,0,0,0,0,1.25,0,0,1-2H
0,0,0,0,0,0,1.25,0,0,0,1-2H
3.77,0,0,0,0,0,0,3.77,0,0,2-4H
0,4.89,0,0,0,0,0,4.89,0,0,MAIOR 4H
0,0,0,10.04,0,0,0,0,0,0,MAIOR 4H
0,0,0,6.27,0,0,0,0,0,0,MAIOR 4H
0,0,0,5.26,0,0,0,0,0,0,MAIOR 4H
0,0,0,6.77,0,0,0,0,0,0,MAIOR 4H
0,0,0,0,0,0,0,0,1.23,0,1-2H
0,0,0,0,0,0,0,0,0,5.95,MAIOR 4H
0,0,0,0,0,0,0,5.71,0,0,MAIOR 4H
4.05,0,0,0,0,0,0,0,0,0,MAIOR 4H
0,0,0,0,0,0,9.28,0,0,0,MAIOR 4H
7.11,0,0,0,0,0,7.11,0,0,0,MAIOR 4H
0,0,0,0,0,0,0,3.86,0,3.86,2-4H
0,0,0,0,0,0,0,7.01,0,0,MAIOR 4H
0,0,0,0,0,0,0,0,0,9.19,MAIOR 4H
0,0,0,0,0,0,6.07,0,0,0,MAIOR 4H
0,0,0,7.28,0,0,0,0,0,0,MAIOR 4H
0,0,0,0,0,0,8.14,0,0,0,MAIOR 4H
0,0,0,0,6.04,0,0,0,0,0,MAIOR 4H
1.96,0,0,0,0,0,0,0,0,0,1-2H
0,0,0,0,0,0,0,8.81,0,0,MAIOR 4H
0,0,0,0,0,0,1.83,0,0,0,1-2H
0,0,0,0,0,0,0,0,8.8,0,MAIOR 4H
0,0,0,3.35,0,0,0,0,0,0,2-4H
0,0,0,5.04,0,5.04,0,0,0,0,MAIOR 4H
10.29,0,0,0,0,0,0,0,0,0,MAIOR 4H
0,0,0,7.11,0,0,0,0,0,0,MAIOR 4H
0,0,0,11.14,0,0,0,0,0,0,MAIOR 4H
4.62,0,0,0,0,0,0,0,0,0,MAIOR 4H
0,0,0,0,0,0,3.3,0,0,0,2-4H
0,0,0,0,0,0,0,0,0,3.1,2-4H
0,0,0,0,0,0,2.74,0,0,0,2-4H
4.33,4.33,0,0,0,0,0,4.33,0,0,MAIOR 4H
0,0,0,3.15,0,0,0,0,0,0,2-4H
3,0,0,0,0,0,0,0,0,0,2-4H
0,0,0,6.31,0,0,0,0,0,0,MAIOR 4H
0,0,0,0,0,0,3.02,0,0,0,2-4H
0,0,0,3.08,0,0,0,0,0,0,2-4H
4.73,0,0,0,0,0,0,0,0,0,MAIOR 4H
0,0,0,1.37,0,0,0,0,0,0,1-2H
0,0,0,0,0,0,1.07,0,0,0,1-2H
2.16,0,0,0,0,0,0,0,0,0,2-4H
0,0,0,1.19,0,0,0,0,0,0,1-2H
0,0,0,3.13,0,0,0,0,0,0,2-4H
0,0,0,10.25,0,0,0,0,0,0,MAIOR 4H
0,0,0,0,6.87,0,0,0,0,0,MAIOR 4H
0,0,0,0,0,0,0,3.08,0,0,2-4H
0,0,0,0,0,0,0,0,2.27,0,2-4H
0,0,0,1.04,0,0,0,0,0,0,1-2H
0,0,0,9.98,0,0,0,0,0,0,MAIOR 4H
0,0,0,2.02,0,0,0,0,0,0,2-4H
0,0,0,6.16,0,0,0,0,0,0,MAIOR 4H
0,0,0,0,3.14,0,0,0,0,0,2-4H
2.21,0,0,0,0,0,0,0,0,0,2-4H
3.2,0,0,0,0,0,0,3.2,0,0,2-4H
0,0,0,0,0,0,0,0,5.16,0,MAIOR 4H
0,0,0,0,0,0,6.04,0,0,0,MAIOR 4H
0,0,0,0,0,0,2.94,0,0,2.94,2-4H
0,0,0,11.08,0,0,0,0,0,0,MAIOR 4H
0,0,0,5.3,0,0,0,0,0,0,MAIOR 4H
2.34,0,0,0,0,0,0,0,0,0,2-4H
0,0,0,0,0,0,3.75,0,0,3.75,2-4H
0,0,0,9.17,0,0,0,0,0,0,MAIOR 4H
0,0,0,0,0,0,3.69,0,0,0,2-4H
0,0,0,0,0,0,2.26,0,0,0,2-4H
0,0,0,0,0,0,0,6.15,0,0,MAIOR 4H
0,0,0,1.08,0,0,1.08,0,0,1.08,1-2H
0,0,0,1,0,0,0,0,1,0,1-2H
0,0,0,0,0,0,0,1.58,0,0,1-2H
0,0,5.12,0,0,0,0,0,0,5.12,MAIOR 4H
0,0,0,0,2.26,0,0,0,0,0,2-4H
0,0,0,0,0,0,0,0,6.14,0,MAIOR 4H
0,0,0,0,0,0,0,0,6.11,0,MAIOR 4H
0,0,0,6.89,0,0,0,0,0,0,MAIOR 4H
0,0,0,1.3,0,0,0,0,0,0,1-2H
0,0,0,0,0,0,8.12,0,0,0,MAIOR 4H
1.23,0,0,0,0,0,0,0,0,0,1-2H
4.81,0,0,0,0,0,0,0,0,0,MAIOR 4H
0,0,0,0,0,0,0,0,0,2.18,2-4H
2.19,0,0,0,0,0,2.19,0,0,0,2-4H
0,0,0,2.84,0,0,0,0,2.84,0,2-4H
0,3.76,0,0,0,0,0,0,0,0,2-4H
0,0,0,0,0,0,2.16,0,0,2.16,2-4H
0,0,0,1.1,0,0,0,0,0,0,1-2H
0,0,0,0,0,0,0,0,6.04,0,MAIOR 4H
3.92,0,0,0,0,0,0,0,0,0,2-4H
4.91,0,0,0,0,0,0,0,0,0,MAIOR 4H
0,0,0,4.99,0,4.99,0,0,0,0,MAIOR 4H
0,0,0,3.71,0,0,0,0,0,0,2-4H
0,0,0,0,0,0,3.91,0,0,3.91,2-4H
1.86,0,0,0,0,0,0,1.86,0,0,1-2H
0,0,0,0,2.02,0,0,0,0,0,2-4H
0,0,0,0,0,0,0,1.4,0,0,1-2H
3.94,0,0,0,0,0,3.94,0,0,0,2-4H
0,0,0,0,0,0,0,1.04,0,0,1-2H
3.14,0,0,0,0,0,3.14,0,0,0,2-4H
0,0,0,0,0,0,6.03,0,0,6.03,MAIOR 4H
0,0,0,0,0,0,4.04,0,0,0,MAIOR 4H
0,0,0,0,0,0,2.84,0,0,0,2-4H
0,0,0,0,0,0,5.97,0,0,0,MAIOR 4H
0,0,0,0,0,0,0,0,3.82,0,2-4H
0,0,0,0,0,0,0,2.17,0,0,2-4H
0,0,0,0,0,3.74,0,0,0,0,2-4H
0,4.95,0,0,0,0,0,4.95,0,0,MAIOR 4H
0,0,0,0,0,0,0,0,6.35,0,MAIOR 4H
0,0,0,0,6.2,0,0,0,0,0,MAIOR 4H
0,0,0,0,6.13,0,0,0,0,0,MAIOR 4H
2,0,0,0,0,0,0,0,0,0,1-2H
0,0,0,0,0,0,0,1.8,0,0,1-2H
0,0,0,4.12,0,0,0,0,0,0,MAIOR 4H
0,0,0,0,0,0,0,0,4.03,0,MAIOR 4H
0,0,0,0,0,0,0,0,0,3.95,2-4H
0,0,0,0,0,0,10.79,10.79,0,0,MAIOR 4H
7.06,0,0,0,0,0,0,0,0,0,MAIOR 4H
2.96,0,0,0,0,0,0,0,0,0,2-4H
0,0,0,4.95,0,0,0,0,0,0,MAIOR 4H
0,0,0,3.32,0,0,0,0,0,0,2-4H
0,0,0,0,0,0,2.99,0,0,0,2-4H
0,0,0,0,0,0,0,2.7,2.7,0,2-4H
7.87,0,0,0,0,0,0,0,0,0,MAIOR 4H
1.02,0,0,0,0,0,0,0,0,0,1-2H
0,0,0,0,0,0,0,0,1.99,0,1-2H
0,0,0,0,0,0,6.06,0,0,0,MAIOR 4H
0,0,0,0,0,0,0,2.96,0,0,2-4H
2.81,0,0,0,0,0,0,0,0,0,2-4H
0,0,0,0,0,0,0,0,1.05,0,1-2H
5.95,0,0,0,0,0,0,0,0,0,MAIOR 4H
1.88,0,0,0,0,0,0,0,0,0,1-2H
0,0,0,0,0,0,1.05,0,0,0,1-2H
0,0,0,0,0,0,0,7.13,0,0,MAIOR 4H
0,0,0,0,0,0,0,4.81,0,0,MAIOR 4H
0,0,0,2.04,0,0,0,0,0,0,2-4H
0,0,0,0,0,0,0,1.11,0,0,1-2H
0,0,0,0,2.01,0,0,0,0,0,2-4H
1.08,0,0,0,0,0,0,0,0,0,1-2H
0,0,0,0,0,0,0,4.91,0,0,MAIOR 4H
1.91,0,0,0,0,0,0,1.91,0,0,1-2H
0,0,0,0,0,0,2.95,0,0,0,2-4H
2.99,0,0,0,0,0,2.99,0,0,0,2-4H
0,0,0,0,0,0,1.05,0,0,0,1-2H
0,0,0,0,2.03,0,0,0,0,0,2-4H
0,0,0,0,0,0,2.32,0,0,0,2-4H
0,0,0,3.88,0,0,0,0,0,0,2-4H
0,0,0,0,0,0,0,2.02,0,0,2-4H
0,0,0,0,0,0,2.94,0,0,0,2-4H
0,0,0,3.18,0,0,0,0,0,0,2-4H
0,0,0,0,0,0,0,4.95,0,0,MAIOR 4H
0,0,0,6,0,0,0,0,0,0,MAIOR 4H
0,0,0,1.13,0,0,0,0,0,0,1-2H
0,0,0,1.09,0,0,0,0,0,0,1-2H
0,0,0,0,2,0,0,0,0,0,2-4H
4.22,0,0,0,0,0,0,4.22,0,0,MAIOR 4H
0,0,0,0,0,0,8.17,0,0,0,MAIOR 4H
0,0,0,1.25,1.25,0,0,0,0,0,1-2H
0,0,0,0,0,0,0,0,0,8.06,MAIOR 4H
0,0,0,0,0,0,0,3,0,0,2-4H
0,0,0,0,0,0,0,3,0,0,2-4H
0,0,0,0,0,0,2.44,0,0,0,2-4H
0,0,0,0,0,0,0,0,1.05,0,1-2H
0,0,0,2.86,0,2.86,0,0,0,0,2-4H
0,0,0,0,0,0,2.9,0,0,0,2-4H
0,0,0,3.02,0,0,0,0,3.02,0,2-4H
0,0,0,0,0,0,0,1.95,0,0,1-2H
0,0,0,0,0,0,0,3.78,0,0,2-4H
0,0,0,0,0,0,0,0,0,11.03,MAIOR 4H
0,0,0,2.91,0,0,0,0,0,0,2-4H
0,0,0,3.79,0,0,0,0,0,0,2-4H
0,0,0,0,7.03,0,0,0,0,0,MAIOR 4H
1.03,0,0,0,0,0,0,0,0,0,1-2H
0,0,0,0,0,0,0,2.71,0,0,2-4H
0,0,0,0,0,0,5.29,0,0,5.29,MAIOR 4H
0,0,0,0,0,0,0,2.72,0,0,2-4H
0,0,0,0,0,0,0,2.71,0,0,2-4H
0,0,0,0,0,0,1.04,0,0,0,1-2H
0,0,0,6.01,0,0,0,0,0,0,MAIOR 4H
0,0,0,0,0,0,9.12,0,0,0,MAIOR 4H
8.26,8.26,0,0,0,0,0,0,0,0,MAIOR 4H
0,0,0,1.13,0,0,0,0,0,0,1-2H
0,0,0,4.16,0,0,0,0,0,0,MAIOR 4H
0,0,0,0,0,0,0,3.02,0,3.02,2-4H
5.19,0,0,0,0,0,0,0,0,0,MAIOR 4H
0,0,0,10.08,0,10.08,0,0,0,0,MAIOR 4H
0,0,0,0,0,0,0,3.75,0,0,2-4H
0,0,0,0,0,5.1,0,0,0,0,MAIOR 4H
0,0,0,2.07,0,0,0,0,0,0,2-4H
0,0,0,0,0,0,0,3.69,0,0,2-4H
0,0,0,0,0,0,4.22,0,0,0,MAIOR 4H
0,0,0,0,0,0,0,0,1.04,0,1-2H
0,0,0,0,0,7.29,0,0,0,0,MAIOR 4H
0,0,0,1.07,0,0,0,0,0,0,1-2H
0,0,0,0,0,0,0,3.15,0,0,2-4H
2.83,0,0,0,0,0,2.83,0,0,0,2-4H
0,0,0,2.75,0,0,2.75,0,0,0,2-4H
0,0,0,0,0,0,0,6.81,0,0,MAIOR 4H
0,0,0,6.97,0,6.97,0,0,0,0,MAIOR 4H
0,0,0,0,0,0,1.29,0,0,0,1-2H
0,0,0,8.01,0,0,0,0,0,0,MAIOR 4H
0,0,0,0,0,0,1.04,0,0,0,1-2H
0,0,0,0,0,0,0,5.02,0,0,MAIOR 4H
0,0,0,0,0,0,0,2.96,0,0,2-4H
0,0,0,0,0,0,6.06,0,0,0,MAIOR 4H
0,0,0,7.07,0,0,0,0,0,0,MAIOR 4H
0,0,0,0,0,0,2.71,0,0,0,2-4H
3.43,0,0,0,0,0,0,0,0,0,2-4H
0,0,0,0,0,0,3.21,0,0,0,2-4H
0,0,0,5.28,0,0,0,0,0,0,MAIOR 4H
1.12,0,0,0,0,0,1.12,0,0,0,1-2H
0,0,0,0,0,0,0,0,0,3.32,2-4H
0,0,1.98,0,0,0,0,0,0,0,1-2H
0,0,0,0,0,0,1.05,1.05,0,0,1-2H
0,0,0,1.99,0,0,0,0,0,0,1-2H
0,0,0,0,0,0,1.27,0,0,0,1-2H
0,0,0,0,0,0,0,0,2.05,0,2-4H
0,0,0,0,1.2,0,0,0,0,0,1-2H
0,0,0,1.18,0,0,0,0,0,0,1-2H
0,0,0,0,0,0,0,2.09,0,0,2-4H
0,0,0,0,0,0,0,3.18,0,0,2-4H
0,0,0,0,0,0,2.93,0,0,0,2-4H
4.23,0,0,0,0,0,0,0,0,0,MAIOR 4H
1.27,0,0,0,0,0,0,0,0,0,1-2H
0,0,0,0,0,0,0,1.22,0,0,1-2H
0,0,0,1.72,0,0,0,0,0,0,1-2H
0,0,0,0,0,0,2.26,0,0,0,2-4H
0,0,0,0,0,0,0,3.23,0,0,2-4H
2.7,0,0,0,0,0,2.7,0,0,0,2-4H
0,0,0,0,1.03,0,0,0,0,0,1-2H
0,0,0,0,0,0,5.98,0,0,0,MAIOR 4H
0,0,0,2.06,0,0,0,0,0,0,2-4H
0,0,0,0,0,0,0,1.17,0,0,1-2H
0,0,0,0,0,0,0,5.91,0,0,MAIOR 4H
0,0,0,1.12,0,0,0,0,0,0,1-2H
0,0,0,0,0,0,0,5.98,0,0,MAIOR 4H
1.69,0,0,0,0,0,0,0,0,0,1-2H
1.01,0,0,0,0,0,0,0,0,0,1-2H
0,0,0,0,0,0,1.21,0,0,0,1-2H
0,1,0,0,0,0,0,0,0,0,1-2H
0,0,0,0,0,0,7.34,7.34,0,0,MAIOR 4H
0,0,0,0,0,0,0,11.67,0,0,MAIOR 4H
0,0,0,0,0,0,0,4.96,0,0,MAIOR 4H
1.16,0,0,0,0,0,0,0,0,0,1-2H
0,0,0,0,0,0,0,2.73,0,0,2-4H
4.22,0,0,0,0,0,0,4.22,0,0,MAIOR 4H
0,0,0,0,0,0,2.95,0,0,2.95,2-4H
0,0,0,7.99,0,0,0,0,0,0,MAIOR 4H
0,0,0,0,0,0,1.15,0,0,0,1-2H
0,0,0,6.28,0,0,0,0,0,0,MAIOR 4H
0,3.19,0,0,0,0,0,0,0,0,2-4H
0,0,0,0,0,0,2.82,0,0,0,2-4H
0,0,0,0,0,0,0,0,2.89,0,2-4H
3.72,0,0,0,0,0,0,0,0,0,2-4H
0,0,0,0,0,0,1.01,0,0,0,1-2H
3.77,0,0,0,0,0,0,0,0,3.77,2-4H
0,0,0,0,0,0,0,1.89,0,0,1-2H
0,0,0,0,0,0,0,10.01,0,0,MAIOR 4H
0,0,0,0,0,0,1.93,0,0,0,1-2H
0,0,0,0,0,0,0,8.01,0,0,MAIOR 4H
0,0,0,0,0,0,0,1.22,0,1.22,1-2H
0,0,0,1.01,0,0,0,0,0,0,1-2H
0,0,0,0,1.21,0,0,0,0,0,1-2H
0,0,0,1.1,0,0,0,0,0,0,1-2H
0,0,0,2.17,0,0,0,0,0,0,2-4H
0,0,0,4.03,0,0,0,0,0,0,MAIOR 4H
0,0,0,1.08,0,0,0,0,0,0,1-2H
0,0,0,0,0,0,1.68,0,0,0,1-2H
0,0,0,0,0,0,4.13,0,0,0,MAIOR 4H
0,0,0,0,0,0,1.11,0,0,0,1-2H
0,0,0,1.01,0,0,0,0,0,0,1-2H
0,0,0,0,0,0,1.22,0,0,0,1-2H
6.15,0,0,0,0,0,6.15,0,0,0,MAIOR 4H
0,0,0,0,0,0,0,6.82,0,0,MAIOR 4H
5.87,0,0,0,0,0,0,0,0,0,MAIOR 4H
0,0,0,0,0,0,0,0,1.96,0,1-2H
0,0,0,0,0,0,6.94,0,0,0,MAIOR 4H
1.24,0,0,0,0,0,0,0,0,0,1-2H
0,0,0,0,3.02,0,0,0,0,0,2-4H
0,0,0,0,0,0,0,1.06,0,0,1-2H
0,0,0,0,0,0,0,2.11,0,0,2-4H
0,0,0,1.19,0,0,0,0,0,0,1-2H
1.01,0,0,0,0,0,0,0,0,0,1-2H
0,0,0,0,0,0,0,3.1,0,0,2-4H
0,0,0,0,0,0,1.08,0,0,0,1-2H
0,0,0,0,0,0,0,4.2,0,0,MAIOR 4H
0,0,0,0,0,0,3.94,0,0,3.94,2-4H
0,0,0,0,0,0,4.14,0,0,0,MAIOR 4H
0,0,0,0,0,0,1.99,0,0,0,1-2H
2.7,0,0,0,0,0,0,0,0,0,2-4H
0,0,0,0,0,0,2.04,0,0,0,2-4H
0,0,0,0,0,0,1.27,0,0,0,1-2H
0,0,0,0,0,2.3,0,0,0,0,2-4H
0,0,0,0,0,0,0,0,1.18,0,1-2H
0,0,0,0,0,0,0,1.07,0,0,1-2H
0,0,0,0,0,0,1.07,0,0,0,1-2H
0,0,0,0,0,0,0,0,0,5.02,MAIOR 4H
0,0,0,0,0,0,2.12,0,0,0,2-4H
0,0,0,0,1.04,0,0,0,0,0,1-2H
0,0,0,0,0,0,1.01,0,0,0,1-2H
0,0,0,0,0,0,0,1.01,0,0,1-2H
0,0,0,6.96,0,0,6.96,0,0,0,MAIOR 4H
0,0,0,0,0,0,0,1.04,0,0,1-2H
0,1.31,0,0,0,0,0,0,0,0,1-2H
2.93,0,0,0,0,0,0,0,0,0,2-4H
0,0,0,0,0,1,0,0,0,0,1-2H
0,0,0,2.28,0,0,0,2.28,0,0,2-4H
2.96,0,0,0,0,0,0,2.96,0,0,2-4H
2.96,0,0,0,0,0,0,2.96,0,0,2-4H
0,0,0,0,0,0,1.89,0,0,0,1-2H
0,0,0,0,0,0,5.87,0,0,0,MAIOR 4H
0,0,0,0,0,0,0,1.11,0,0,1-2H
1.69,0,0,0,0,0,0,0,0,0,1-2H
0,0,0,0,2.06,0,0,0,0,0,2-4H
0,0,0,0,0,0,0,0,9.9,0,MAIOR 4H
0,0,0,0,0,0,1.29,0,0,0,1-2H
2.74,0,0,0,0,0,2.74,0,0,0,2-4H
0,0,0,0,7.1,0,0,0,0,0,MAIOR 4H
0,0,0,0,0,0,0,2.87,0,0,2-4H
0,0,0,0,0,0,0,0,0,1.24,1-2H
0,0,0,1.82,0,0,0,0,0,0,1-2H
0,0,0,5.92,0,5.92,0,0,0,0,MAIOR 4H
0,0,0,0,0,0,3.1,0,0,0,2-4H
0,0,0,0,0,0,0,3.75,0,0,2-4H
0,0,0,0,0,0,0,0,2.04,0,2-4H
0,0,0,4.18,0,0,0,0,0,0,MAIOR 4H
0,0,0,4.24,0,0,0,0,0,0,MAIOR 4H
0,0,0,4.16,0,0,0,0,0,0,MAIOR 4H
0,0,0,5.09,0,0,0,0,0,0,MAIOR 4H
0,0,0,0,0,0,6.15,0,0,0,MAIOR 4H
0,0,0,0,0,0,0,0,1.09,0,1-2H
0,0,0,0,0,0,0,2.84,0,0,2-4H
0,0,0,0,0,0,0,5.07,0,0,MAIOR 4H
0,0,0,2.2,0,0,2.2,0,0,2.2,2-4H
0,0,0,0,0,0,1.84,0,0,0,1-2H
0,0,0,0,0,0,0,0,3.04,0,2-4H
4.91,0,0,0,0,0,0,0,0,0,MAIOR 4H
0,0,0,0,1.12,0,0,0,0,0,1-2H
0,0,0,0,0,0,0,2.01,0,0,2-4H
0,0,0,0,0,0,3.91,0,0,3.91,2-4H
0,0,0,0,0,0,0,0,1.03,0,1-2H
7.1,0,0,0,0,0,0,7.1,0,0,MAIOR 4H
0,0,0,0,0,0,0,11.19,0,0,MAIOR 4H
0,0,0,0,0,5.96,0,0,0,0,MAIOR 4H
3.22,0,0,0,0,0,0,0,0,0,2-4H
0,0,0,0,0,0,0,4.21,4.21,0,MAIOR 4H
0,0,0,1.71,0,0,0,0,0,0,1-2H
0,0,0,0,0,0,1.66,0,0,0,1-2H
0,0,0,6.36,0,0,6.36,0,0,0,MAIOR 4H
0,0,0,0,0,0,0,5.38,0,0,MAIOR 4H
0,0,0,0,0,0,1.31,0,0,0,1-2H
0,0,0,0,0,0,7.18,0,0,7.18,MAIOR 4H
1.99,0,0,0,0,0,0,0,0,0,1-2H
0,0,0,1.17,0,1.17,0,0,0,0,1-2H
0,0,0,0,0,0,7.32,0,0,0,MAIOR 4H
0,0,0,0,0,0,0,0,1.19,0,1-2H
0,0,0,0,1.06,0,0,0,0,0,1-2H
0,0,0,0,0,0,0,0,0,4.24,MAIOR 4H
5.06,0,0,0,0,0,0,0,0,0,MAIOR 4H
0,0,0,4.98,0,0,0,0,0,0,MAIOR 4H
0,0,0,0,0,0,0,3.08,0,0,2-4H
0,0,0,0,0,0,0,3.66,0,0,2-4H
3.87,0,0,0,0,0,0,0,0,0,2-4H
0,0,0,0,0,0,3.08,0,0,0,2-4H
0,0,0,0,0,0,0,3.89,0,0,2-4H
0,0,0,0,1.36,0,0,0,0,0,1-2H
0,0,0,0,0,0,0,0,0,1.08,1-2H
0,0,0,0,0,0,0,0,1.35,0,1-2H
0,0,0,0,0,0,0,0,1.1,0,1-2H
0,0,0,0,0,0,6.28,0,0,0,MAIOR 4H
1.04,0,0,0,0,0,0,0,0,0,1-2H
0,0,0,0,2.37,0,0,0,0,0,2-4H
0,0,0,1,0,0,0,0,0,0,1-2H
0,9.99,0,0,0,0,0,0,0,0,MAIOR 4H
0,0,0,0,0,0,8.3,0,0,8.3,MAIOR 4H
0,0,0,1.78,0,0,0,0,0,0,1-2H
0,0,0,0,0,0,0,1.04,0,0,1-2H
0,0,0,0,0,0,0,0,1.09,0,1-2H
0,0,0,1.97,0,1.97,0,0,0,0,1-2H
0,0,0,0,0,0,7,0,0,0,MAIOR 4H
0,0,0,0,0,0,1.26,0,0,0,1-2H
0,0,0,0,1.03,0,0,0,0,0,1-2H
0,0,0,4.87,0,0,0,0,0,0,MAIOR 4H
0,0,0,1.08,0,0,0,0,0,0,1-2H
0,0,0,0,0,0,0,4.89,0,0,MAIOR 4H
0,0,0,0,0,0,5.05,0,0,5.05,MAIOR 4H
0,0,0,0,0,0,0,5.04,0,0,MAIOR 4H
0,0,0,6.96,0,0,6.96,0,0,0,MAIOR 4H
0,0,0,0,0,0,4.79,0,0,0,MAIOR 4H
0,0,0,0,0,0,7.12,7.12,0,0,MAIOR 4H
0,0,0,0,0,0,0,1.17,0,0,1-2H
10.08,0,0,0,0,0,0,10.08,0,0,MAIOR 4H
0,0,0,1.04,0,0,0,0,0,0,1-2H
0,0,0,0,0,0,0,0,2.16,0,2-4H
0,4.68,0,0,0,0,0,0,0,0,MAIOR 4H
0,0,0,0,0,0,0,4.01,0,0,MAIOR 4H
0,0,0,0,0,0,3.89,0,0,0,2-4H
0,0,0,0,0,0,5.74,0,0,0,MAIOR 4H
0,0,0,4.96,0,0,0,0,0,0,MAIOR 4H
0,0,0,0,0,0,0,2.92,0,0,2-4H
1.15,0,0,0,0,0,1.15,0,0,0,1-2H
0,0,0,0,0,0,1.17,0,0,0,1-2H
0,0,0,0,0,0,1.81,0,0,0,1-2H
0,0,0,0,0,0,0,0,0,3.67,2-4H
0,0,0,0,0,0,5.99,0,0,0,MAIOR 4H
2.76,0,0,0,0,0,0,0,0,0,2-4H
0,0,0,0,0,0,1.78,0,0,0,1-2H
0,0,0,0,0,0,2.7,0,0,0,2-4H
0,0,0,0,0,0,2.95,0,0,0,2-4H
0,0,0,0,1.97,0,0,0,0,0,1-2H
0,0,0,1.22,0,0,0,0,0,0,1-2H
0,0,0,0,0,0,3.87,0,0,0,2-4H
0,0,0,0,0,0,1.21,1.21,0,0,1-2H
0,0,0,4.11,0,0,0,0,0,0,MAIOR 4H
0,0,0,0,2.79,0,2.79,0,0,0,2-4H
0,0,0,0,0,2.75,0,0,0,0,2-4H
0,0,0,5.21,0,0,5.21,0,0,0,MAIOR 4H
0,0,0,0,0,0,3.74,0,0,0,2-4H
0,0,0,0,0,0,4.98,0,0,0,MAIOR 4H
0,0,0,0,0,0,4.98,0,0,0,MAIOR 4H
0,0,0,2.28,0,0,0,0,0,0,2-4H
0,0,0,2.26,0,0,0,0,0,0,2-4H
0,0,0,0,0,0,7.06,0,0,0,MAIOR 4H
0,0,0,1.2,0,0,0,0,0,0,1-2H
0,0,0,0,0,0,0,1.85,0,0,1-2H
0,0,0,0,0,0,2.25,2.25,0,0,2-4H
0,0,0,2.19,0,0,0,0,0,0,2-4H
1.03,0,0,0,0,0,0,0,0,0,1-2H
0,0,0,1.32,0,0,0,0,0,0,1-2H
0,0,0,1.13,0,0,0,0,0,0,1-2H
0,0,0,1.27,0,0,0,0,0,0,1-2H
0,0,0,1.24,0,0,0,0,0,0,1-2H
0,0,0,1.22,0,0,0,0,0,0,1-2H
0,0,0,1.21,0,0,0,0,0,0,1-2H
0,0,0,1.04,0,0,0,0,0,0,1-2H
0,0,0,0,0,1.06,0,0,0,0,1-2H
0,0,0,0,0,0,0,0,1.21,0,1-2H
0,0,0,1.86,0,0,0,0,0,0,1-2H
0,0,0,0,0,0,0,0,11.14,0,MAIOR 4H
0,0,0,0,0,0,0,3.07,0,0,2-4H
1.09,0,0,0,0,0,0,0,0,0,1-2H
0,0,0,3.06,0,0,0,0,0,0,2-4H
0,0,0,0,0,0,3.99,0,0,0,2-4H
0,0,0,0,0,0,0,1.02,0,0,1-2H
0,0,0,3.13,0,0,0,0,0,0,2-4H
0,0,0,0,0,0,3.75,0,0,0,2-4H
0,0,0,0,0,3.11,0,0,0,0,2-4H
0,0,0,0,0,0,0,2.26,0,0,2-4H
1.11,0,0,0,0,0,0,0,0,0,1-2H
0,0,0,0,0,0,1.1,0,0,0,1-2H
1.27,0,0,0,0,0,0,0,0,0,1-2H
0,0,0,0,0,0,2.81,0,0,0,2-4H
0,0,0,2.12,0,2.12,0,0,0,0,2-4H
0,0,0,2.09,0,0,0,0,0,0,2-4H
0,0,0,0,0,0,0,0,10.05,0,MAIOR 4H
9.15,0,0,0,0,0,0,0,0,0,MAIOR 4H
0,0,0,0,0,0,2.08,0,0,0,2-4H
2.91,0,0,0,0,0,2.91,0,0,0,2-4H
0,0,0,0,0,0,0,0,4.3,0,MAIOR 4H
0,0,0,0,0,0,1.16,0,0,0,1-2H
0,0,0,6.18,0,0,0,0,0,0,MAIOR 4H
0,0,0,3.04,0,0,0,0,0,0,2-4H
0,0,0,0,0,0,0,0,2.89,0,2-4H
0,0,0,0,0,0,0,0,3.21,0,2-4H
0,0,0,0,1.27,0,0,0,0,0,1-2H
0,0,0,0,0,1.23,0,0,0,0,1-2H
0,0,0,0,0,0,0,2.02,0,0,2-4H
0,0,0,4.02,0,0,0,0,4.02,0,MAIOR 4H
0,0,0,0,0,0,0,0,2.02,0,2-4H
0,0,0,0,0,0,0,0,2.02,0,2-4H
0,0,0,0,0,0,1.08,0,0,0,1-2H
0,0,0,0,0,0,0,2.31,0,2.31,2-4H
0,0,0,2.79,0,0,0,0,0,0,2-4H
0,0,0,11.96,0,0,0,0,0,0,MAIOR 4H
1.09,0,0,0,0,0,0,0,0,0,1-2H
0,0,0,5.01,0,0,0,0,0,0,MAIOR 4H
0,0,0,0,0,0,4.04,0,0,0,MAIOR 4H
0,0,0,2.02,0,0,0,0,0,0,2-4H
0,0,0,0,0,0,0,0,2.82,0,2-4H
0,0,0,0,0,0,1.05,0,0,0,1-2H
3.85,0,0,0,0,0,0,0,0,0,2-4H
0,0,0,0,0,0,0,0,3.29,0,2-4H
0,0,0,5.02,0,0,0,0,0,0,MAIOR 4H
0,0,0,0,0,0,0,2.78,0,0,2-4H
0,0,0,0,0,0,6.84,0,0,0,MAIOR 4H
0,0,0,9.14,0,0,0,0,0,0,MAIOR 4H
0,0,0,0,0,0,1.02,0,0,0,1-2H
2.12,0,0,0,0,0,0,0,0,0,2-4H
0,0,0,5.81,0,0,0,0,0,0,MAIOR 4H
0,0,0,1.03,0,0,0,0,0,0,1-2H
0,0,0,2.07,0,0,0,0,0,0,2-4H
0,0,0,2.1,0,0,0,0,0,0,2-4H
0,0,0,0,1.27,0,0,0,0,0,1-2H
0,0,0,6.01,0,0,0,0,0,0,MAIOR 4H
0,0,0,7,0,0,0,0,7,0,MAIOR 4H
0,0,0,0,0,0,0,7,0,0,MAIOR 4H
0,0,0,0,0,0,0,6.25,0,0,MAIOR 4H
0,0,0,0,3.91,0,0,0,0,0,2-4H
0,0,0,0,0,0,3.96,0,0,0,2-4H
0,0,0,4.76,0,0,0,0,0,0,MAIOR 4H
0,0,0,0,7.27,0,0,0,0,0,MAIOR 4H
0,0,0,5.01,0,0,0,0,0,0,MAIOR 4H
0,0,0,0,0,0,0,1.15,0,0,1-2H
0,0,0,0,0,0,0,0,4.98,0,MAIOR 4H
0,0,0,1.76,0,0,0,0,0,0,1-2H
0,0,0,0,0,0,0,0,4.92,0,MAIOR 4H
1.01,0,0,0,0,0,0,0,0,0,1-2H
0,0,0,2.25,0,2.25,0,0,0,0,2-4H
0,0,0,0,2.31,0,0,0,0,0,2-4H
0,0,0,2.27,0,0,0,0,0,0,2-4H
0,0,0,2.27,0,0,0,0,0,0,2-4H
0,0,0,4,0,0,0,0,0,0,MAIOR 4H
0,0,0,0,0,0,1,0,0,0,1-2H
0,0,0,0,0,0,1.15,0,0,0,1-2H
0,0,0,0,0,0,0,1.26,0,0,1-2H
4.96,0,0,0,0,0,0,0,0,0,MAIOR 4H
0,0,0,0,0,5.15,0,0,0,0,MAIOR 4H
0,0,0,1.04,0,0,0,0,0,0,1-2H
0,0,0,1.24,0,0,0,0,0,1.24,1-2H
0,0,0,3.21,0,0,0,0,0,0,2-4H
5.05,0,0,0,0,0,0,0,0,0,MAIOR 4H
0,0,0,0,0,0,5,0,0,0,MAIOR 4H
0,0,0,0,0,0,0,0,4,0,MAIOR 4H
0,0,0,1.29,0,0,0,0,0,0,1-2H
0,0,0,0,0,0,0,3.22,0,0,2-4H
0,0,0,1.17,0,1.17,0,0,0,0,1-2H
0,0,0,0,0,0,0,3.04,0,0,2-4H
0,0,0,0,0,0,4.04,0,0,0,MAIOR 4H
0,0,0,0,2.89,0,0,0,0,0,2-4H
0,0,0,0,2.84,0,0,0,0,0,2-4H
0,0,0,0,0,0,9.89,0,0,0,MAIOR 4H
0,0,0,0,0,0,0,0,2.99,0,2-4H
0,0,0,0,0,0,0,0,0,5.09,MAIOR 4H
0,0,0,1.04,0,0,0,0,0,0,1-2H
0,0,0,1.24,0,0,0,0,0,0,1-2H
0,0,0,1.18,0,0,0,0,0,0,1-2H
0,0,0,0,0,0,0,0,2.01,0,2-4H
0,0,0,0,0,0,0,7.76,0,0,MAIOR 4H
0,0,0,0,0,0,0,0,1,0,1-2H
0,0,0,0,0,0,0,1.05,0,0,1-2H
0,0,0,0,0,1.01,0,0,0,0,1-2H
8.12,0,0,0,0,0,0,0,0,0,MAIOR 4H
0,0,0,10.94,0,0,0,0,0,0,MAIOR 4H
5.75,0,0,0,0,0,5.75,0,0,0,MAIOR 4H
0,0,0,0,0,0,2.84,0,0,0,2-4H
0,0,0,0,0,0,5.1,0,0,0,MAIOR 4H
0,0,0,0,0,0,5.83,0,0,5.83,MAIOR 4H
1.87,0,0,0,0,0,1.87,0,0,0,1-2H
0,0,0,0,0,0,4.75,0,0,0,MAIOR 4H
0,0,0,0,0,0,0,2.05,0,0,2-4H
0,0,0,0,0,6.85,0,0,0,0,MAIOR 4H
0,0,0,8.08,0,0,8.08,0,0,0,MAIOR 4H
0,0,0,0,0,0,9.95,0,0,0,MAIOR 4H
0,0,0,6.17,0,0,0,0,0,0,MAIOR 4H
0,0,0,5.93,0,0,0,0,0,0,MAIOR 4H
0,0,0,0,0,0,9.69,0,0,0,MAIOR 4H
0,0,0,0,0,5.96,0,0,0,0,MAIOR 4H
0,0,0,0,0,0,5.79,0,0,0,MAIOR 4H
0,0,0,0,0,0,0,4.67,0,0,MAIOR 4H
4.97,0,0,0,0,0,0,0,0,4.97,MAIOR 4H
0,0,0,0,0,0,0,4,0,0,2-4H
0,0,0,0,0,0,1.06,0,0,0,1-2H
0,0,0,3.96,0,0,0,0,0,0,2-4H
0,0,0,0,0,0,4.2,0,0,0,MAIOR 4H
0,0,0,2.19,0,0,0,0,0,0,2-4H
0,0,0,2.13,0,0,0,0,0,0,2-4H
0,0,0,5.75,0,0,0,0,0,0,MAIOR 4H
2.13,0,0,0,0,0,2.13,0,0,0,2-4H
0,0,0,3.1,0,0,0,0,0,0,2-4H
0,0,0,0,3.05,0,0,0,0,0,2-4H
0,0,0,1.19,0,0,1.19,0,0,0,1-2H
4.9,4.9,0,0,0,0,4.9,0,0,0,MAIOR 4H
0,0,0,2.08,0,0,0,0,0,0,2-4H
0,0,0,0,1.9,0,0,0,0,0,1-2H
0,0,0,2.15,0,0,2.15,0,0,0,2-4H
0,0,0,1.1,0,0,0,0,0,0,1-2H
0,0,0,1.15,0,1.15,0,0,0,0,1-2H
0,0,0,0,0,0,1.03,1.03,0,0,1-2H
0,0,0,0,1.01,0,0,0,0,0,1-2H
0,0,0,0,0,0,5.7,0,0,0,MAIOR 4H
0,0,0,0,0,0,2.92,0,0,0,2-4H
0,0,0,0,0,0,0,2.88,0,0,2-4H
0,0,0,2.1,0,0,0,0,0,0,2-4H
0,0,0,0,0,0,0,0,2.05,0,2-4H
0,0,0,1.36,0,0,0,0,0,0,1-2H
0,0,0,1.11,0,1.11,0,0,0,0,1-2H
0,0,0,0,0,0,0,8.03,0,0,MAIOR 4H
0,0,0,3.06,0,0,0,0,0,0,2-4H
0,0,0,0,0,0,1.02,0,0,0,1-2H
0,0,0,0,0,4.92,0,0,0,0,MAIOR 4H
0,0,0,0,0,0,1.37,0,1.37,0,1-2H
0,0,0,0,0,0,0,0,1.31,0,1-2H
0,0,0,1.01,0,0,0,0,0,0,1-2H
0,0,0,0,0,0,0,11.11,0,0,MAIOR 4H
0,0,0,0,0,0,0,0,5.21,0,MAIOR 4H
0,0,0,0,0,0,0,0,10.06,0,MAIOR 4H
0,0,0,6.07,0,0,0,0,0,0,MAIOR 4H
0,0,0,0,0,0,7.12,0,0,0,MAIOR 4H
0,0,0,1.27,0,1.27,0,0,0,0,1-2H
0,0,0,1.2,0,0,0,0,0,0,1-2H
0,0,0,0,3.21,0,0,0,0,0,2-4H
0,0,0,0,0,0,1.25,0,0,0,1-2H
0,0,0,0,0,0,0,2.05,0,0,2-4H
0,0,0,0,0,0,1.17,0,0,0,1-2H
0,0,0,1.29,0,0,1.29,0,0,0,1-2H
0,0,0,0,0,0,5.12,0,0,0,MAIOR 4H
0,0,0,0,0,0,1.29,0,0,0,1-2H
0,0,0,0,0,0,0,0,1.28,0,1-2H
0,0,0,0,0,0,0,0,2.04,0,2-4H
0,0,0,0,0,0,1.33,0,0,0,1-2H
0,0,0,0,0,0,5.89,0,0,5.89,MAIOR 4H
0,0,0,0,0,0,7.69,0,0,0,MAIOR 4H
0,0,0,0,0,0,7.72,0,0,0,MAIOR 4H
7.06,0,0,0,0,0,7.06,0,0,0,MAIOR 4H
0,0,0,7.04,0,0,0,0,0,0,MAIOR 4H
0,0,0,0,0,0,0,0,1.35,0,1-2H
0,0,0,0,0,0,0,6.07,0,6.07,MAIOR 4H
0,0,0,0,0,0,0,0,0,11.27,MAIOR 4H
0,0,0,0,0,0,5.09,0,0,0,MAIOR 4H
4.05,0,0,0,0,0,0,0,0,0,MAIOR 4H
0,0,0,2.05,0,0,0,0,0,0,2-4H
6.03,0,0,0,0,0,6.03,0,0,0,MAIOR 4H
0,0,0,0,0,0,2.14,0,0,2.14,2-4H
2.97,0,0,0,0,0,0,0,0,0,2-4H
0,0,0,0,0,0,5.87,0,0,0,MAIOR 4H
0,0,0,0,0,0,0,1.25,0,0,1-2H
0,0,0,0,1.02,1.02,0,0,0,0,1-2H
0,0,0,0,0,3.04,0,0,0,0,2-4H
0,0,0,0,0,0,0,0,5.24,0,MAIOR 4H
0,0,0,0,0,0,1.02,0,0,0,1-2H
0,0,0,0,0,0,0,0,1.38,0,1-2H
0,0,0,0,0,0,6.26,0,0,6.26,MAIOR 4H
0,0,0,0,0,0,5.88,0,0,5.88,MAIOR 4H
0,6.21,0,0,0,0,0,0,0,0,MAIOR 4H
0,0,0,0,0,3.93,0,0,0,0,2-4H
0,0,0,0,0,0,1.04,0,0,0,1-2H
0,0,0,4.08,0,4.08,0,0,0,0,MAIOR 4H
0,0,0,0,0,0,4,0,0,0,2-4H
0,0,0,0,0,0,0,0,1.05,0,1-2H
0,0,0,0,0,0,1.04,0,0,0,1-2H
0,0,0,2.94,0,2.94,0,0,0,0,2-4H
0,0,0,0,0,0,0,0,2.9,0,2-4H
0,0,0,0,0,0,0,5.76,0,0,MAIOR 4H
0,0,0,0,0,0,0,0,0,4.1,MAIOR 4H
0,0,0,0,0,0,3.83,0,0,0,2-4H
0,0,0,0,0,0,1.2,0,0,0,1-2H
9.03,0,0,0,0,0,0,0,0,0,MAIOR 4H
0,0,0,0,0,0,0,0,0,1.8,1-2H
0,0,0,0,0,0,0,0,4.07,0,MAIOR 4H
0,0,0,0,0,0,1.21,0,0,1.21,1-2H
0,0,0,1.02,0,0,0,0,0,0,1-2H
0,0,0,0,0,0,5.8,0,0,0,MAIOR 4H
0,0,0,0,0,0,1.4,0,0,0,1-2H
0,0,0,1.31,0,0,0,0,0,0,1-2H
0,0,0,0,0,0,5.73,0,0,0,MAIOR 4H
0,0,0,0,0,0,0,0,1.2,0,1-2H
0,0,0,4.03,0,0,0,0,0,0,MAIOR 4H
0,0,0,0,0,0,3.13,0,0,0,2-4H
1.22,0,0,0,0,0,0,0,0,0,1-2H
6.75,0,0,0,0,0,0,0,0,0,MAIOR 4H
1.07,0,0,0,0,0,0,0,0,0,1-2H
0,0,0,3.21,0,0,0,0,0,0,2-4H
0,0,0,5.9,0,0,0,0,0,0,MAIOR 4H
0,0,0,5.06,0,0,0,0,0,0,MAIOR 4H
0,0,0,0,4.9,0,0,0,0,0,MAIOR 4H
2.12,0,0,0,0,0,0,0,0,0,2-4H
0,0,0,0,0,0,0,2.31,0,2.31,2-4H
1.78,0,0,0,0,0,0,0,0,0,1-2H
0,0,0,1.14,0,0,0,0,0,0,1-2H
0,0,0,0,0,0,0,2.85,0,0,2-4H
0,0,0,0,0,0,3.06,3.06,0,0,2-4H
0,0,0,1.04,0,0,0,1.04,0,0,1-2H
0,0,0,4.25,0,0,0,0,0,0,MAIOR 4H
0,0,0,4.31,4.31,0,0,0,0,0,MAIOR 4H
0,0,0,0,0,0,0,0,2.35,0,2-4H
1.24,0,0,0,0,0,1.24,0,0,0,1-2H
0,0,0,2.38,2.38,0,0,0,0,0,2-4H
0,0,0,4.31,4.31,0,0,0,0,0,MAIOR 4H
0,0,0,10.22,10.22,0,0,0,0,0,MAIOR 4H
0,0,0,0,0,0,0,0,1.18,0,1-2H
0,0,0,1.18,0,0,0,0,0,0,1-2H
0,0,0,0,0,0,0,0,1.12,0,1-2H
0,0,0,3.21,0,0,0,0,0,0,2-4H
0,0,0,3.21,0,0,0,0,0,0,2-4H
0,0,0,0,0,0,3.84,0,0,3.84,2-4H
0,0,0,0,0,0,1.11,0,0,0,1-2H
0,0,0,0,0,0,1.3,0,0,0,1-2H
0,0,0,0,0,3.17,0,0,0,0,2-4H
0,0,0,0,0,0,4.03,0,0,4.03,MAIOR 4H
4.85,0,0,0,0,0,4.85,0,0,0,MAIOR 4H
0,0,0,0,0,0,0,2.17,0,0,2-4H
3.21,0,0,0,0,0,0,0,0,0,2-4H
0,0,0,0,0,0,0,1.11,0,0,1-2H
0,0,0,1.08,0,0,0,0,0,0,1-2H
0,0,0,0,0,0,2.01,0,0,0,2-4H
0,0,0,3.21,0,0,0,0,0,0,2-4H
0,0,0,0,0,0,0,7.89,0,0,MAIOR 4H
0,0,0,0,0,0,0,0,1.16,0,1-2H
0,0,0,0,0,0,0,1.13,0,0,1-2H
0,0,0,0,0,0,1.24,0,0,0,1-2H
1.94,0,0,0,0,0,0,1.94,0,0,1-2H
0,0,0,0,1.21,1.21,0,0,0,0,1-2H
0,0,0,0,0,0,0,1.73,0,0,1-2H
1.91,0,0,0,0,0,0,0,0,0,1-2H
0,0,0,0,0,0,0,0,1.05,0,1-2H
0,0,0,1.89,0,0,0,0,0,0,1-2H
0,0,0,0,0,0,5.85,0,0,0,MAIOR 4H
0,0,0,0,4.04,0,0,0,0,0,MAIOR 4H
3.87,0,0,3.87,3.87,3.87,0,0,0,0,2-4H
0,0,0,0,0,0,3.98,0,0,0,2-4H
0,0,0,0,0,0,0,6.78,0,0,MAIOR 4H
0,0,0,0,3.16,0,0,0,0,0,2-4H
0,0,0,10.13,0,0,0,0,0,0,MAIOR 4H
0,0,0,0,0,0,4.89,0,0,0,MAIOR 4H
0,0,0,0,0,0,0,2.76,0,0,2-4H
0,0,0,0,0,0,0,1.95,0,0,1-2H
0,0,0,1.24,0,0,0,1.24,0,0,1-2H
0,0,0,0,0,0,11.8,0,0,0,MAIOR 4H
0,0,0,0,2.83,0,0,0,0,0,2-4H
0,0,0,0,0,0,1.17,0,0,0,1-2H
0,0,0,7.11,0,0,0,0,0,0,MAIOR 4H
0,0,0,2.26,0,0,0,0,2.26,0,2-4H
6.89,0,0,0,0,0,0,0,0,6.89,MAIOR 4H
0,0,0,0,0,0,0,5.04,0,0,MAIOR 4H
0,0,0,0,0,0,7.09,0,0,0,MAIOR 4H
0,0,0,0,0,0,0,0,1.05,0,1-2H
0,0,0,0,0,6.98,0,0,0,0,MAIOR 4H
0,0,0,0,0,0,1.19,0,0,0,1-2H
0,0,0,0,0,0,4.73,0,0,0,MAIOR 4H
0,0,0,0,0,0,0,7.06,0,0,MAIOR 4H
0,0,0,9.23,0,0,0,0,0,0,MAIOR 4H
0,0,0,0,0,0,4.85,0,0,0,MAIOR 4H
0,0,0,0,0,0,0,1.97,0,0,1-2H
0,0,0,0,0,0,4.73,0,0,0,MAIOR 4H
0,0,0,0,0,0,1.21,0,0,0,1-2H
11.98,0,0,0,0,0,11.98,0,0,0,MAIOR 4H
0,0,0,0,8.34,0,0,0,0,0,MAIOR 4H
0,0,0,0,0,0,1.08,0,0,0,1-2H
0,0,0,0,0,0,1.01,0,0,0,1-2H
0,0,0,4.95,0,0,0,0,0,0,MAIOR 4H
0,0,0,11.01,0,0,0,0,0,0,MAIOR 4H
0,0,0,4.92,0,0,0,0,0,0,MAIOR 4H
0,0,0,5.76,0,0,0,0,0,0,MAIOR 4H
0,0,0,0,0,0,9.07,0,0,0,MAIOR 4H
0,0,0,0,0,0,0,0,1.02,0,1-2H
0,0,0,7.81,0,0,0,0,0,0,MAIOR 4H
0,0,0,5.12,0,0,0,0,0,0,MAIOR 4H
0,0,0,1.12,0,0,0,0,0,0,1-2H
0,0,0,1.07,0,0,0,0,0,0,1-2H
0,0,0,3.89,0,0,0,0,0,0,2-4H
0,0,0,0,0,0,10.23,0,0,0,MAIOR 4H
0,0,0,2.81,0,0,0,0,0,0,2-4H
0,0,0,0,0,0,1.06,0,0,0,1-2H
0,0,0,0,0,0,0,0,3.8,0,2-4H
0,0,0,0,0,0,0,0,3.94,0,2-4H
0,0,0,0,0,0,0,1.08,0,0,1-2H
0,0,0,0,0,0,0,0,1.31,0,1-2H
0,0,0,0,0,0,0,5.24,0,0,MAIOR 4H
0,0,0,1.36,0,0,0,0,0,0,1-2H
0,0,0,1.35,0,0,0,0,0,0,1-2H
0,0,0,0,0,0,0,0,0,1.34,1-2H
0,0,0,0,0,0,0,0,1.32,0,1-2H
0,0,0,1.14,0,0,0,0,1.14,0,1-2H
0,0,0,0,0,4.05,0,0,0,0,MAIOR 4H
0,0,0,0,0,0,4.67,0,0,0,MAIOR 4H
0,0,0,1.03,0,0,0,0,0,0,1-2H
0,0,0,1,0,0,0,0,0,0,1-2H
0,0,0,0,0,0,2.01,0,0,2.01,2-4H
0,0,0,0,0,0,1.1,0,0,0,1-2H
0,0,0,0,0,0,6,0,0,0,MAIOR 4H
0,0,0,0,0,0,1.12,0,0,0,1-2H
0,0,0,0,0,0,0,0,0,1.12,1-2H
0,0,0,0,0,0,1.83,0,0,0,1-2H
0,0,0,0,0,0,0,0,11.23,0,MAIOR 4H
0,0,0,0,0,0,0,0,3.03,0,2-4H
0,0,0,6.88,0,0,0,0,0,0,MAIOR 4H
0,0,0,1.33,0,0,0,0,0,0,1-2H
0,0,0,0,0,0,0,0,4.04,0,MAIOR 4H
0,0,0,2.91,0,0,0,0,0,0,2-4H
0,0,0,0,0,0,1.7,0,0,0,1-2H
0,0,0,9.74,0,0,0,0,9.74,0,MAIOR 4H
0,0,0,1.95,0,0,0,0,0,0,1-2H
0,0,0,0,0,0,0,1.21,0,0,1-2H
0,1.8,0,0,0,0,0,0,0,0,1-2H
5.01,0,0,0,0,0,5.01,0,0,0,MAIOR 4H
0,0,0,4.05,0,0,0,0,0,0,MAIOR 4H
0,0,0,0,0,0,8.1,0,0,8.1,MAIOR 4H
0,0,0,0,3.04,0,0,0,0,0,2-4H
0,0,0,0,0,3.04,0,0,0,0,2-4H
0,0,0,0,7.24,0,0,0,0,0,MAIOR 4H
0,0,0,2.72,0,0,0,0,0,0,2-4H
0,0,0,0,0,0,0,11.3,0,0,MAIOR 4H
10,0,0,0,0,0,0,0,0,0,MAIOR 4H
0,0,0,4,0,0,0,0,0,0,MAIOR 4H
0,0,0,1.86,0,0,0,0,0,0,1-2H
0,0,0,0,0,0,0,7.83,0,0,MAIOR 4H
1.05,0,0,0,0,0,0,0,0,0,1-2H
0,0,0,3.27,0,0,0,0,0,0,2-4H
0,0,0,8.11,0,0,0,0,0,0,MAIOR 4H
0,0,0,0,0,0,6.94,0,0,6.94,MAIOR 4H
0,0,0,0,0,0,0,0,2.1,0,2-4H
0,0,0,0,0,0,0,1.08,0,0,1-2H
0,0,0,0,0,0,0,1.18,0,0,1-2H
0,0,0,0,0,0,3.17,0,0,0,2-4H
0,0,0,3.13,0,0,0,0,0,0,2-4H
1.02,0,0,0,0,0,0,0,0,0,1-2H
0,0,0,0,0,0,3.04,0,0,0,2-4H
0,0,0,0,0,0,0,0,3.2,0,2-4H
0,5.01,0,0,0,0,0,0,0,0,MAIOR 4H
0,0,0,0,0,0,0,1,0,0,1-2H
0,0,0,5.94,0,0,0,0,0,0,MAIOR 4H
0,0,0,0,0,0,0,2.85,0,0,2-4H
0,0,0,0,0,0,3.14,0,0,3.14,2-4H
0,0,0,0,0,0,0,4.11,0,0,MAIOR 4H
0,0,0,0,3.1,0,0,0,0,0,2-4H
0,0,0,0,1.06,0,0,0,0,0,1-2H
0,0,0,0,0,0,0,0,0,2.86,2-4H
0,0,0,1.25,0,0,1.25,0,0,0,1-2H
0,0,0,0,1.11,0,0,0,0,0,1-2H
0,0,0,8,0,0,0,0,0,0,MAIOR 4H
0,0,0,0,0,0,0,4.14,0,0,MAIOR 4H
1.26,0,0,0,0,0,0,0,0,0,1-2H
0,0,0,0,0,0,0,0,2.96,0,2-4H
0,0,0,0,0,0,2.08,0,0,0,2-4H
0,1.05,0,0,0,0,0,0,0,0,1-2H
1,0,0,0,0,0,0,0,0,0,1-2H
0,0,0,2.13,0,0,0,0,0,0,2-4H
0,0,0,0,0,0,1.98,0,0,0,1-2H
0,0,0,1.02,0,0,1.02,0,0,0,1-2H
1.94,0,0,0,0,0,0,0,0,0,1-2H
0,0,0,1.84,0,0,0,0,0,0,1-2H
0,0,0,1.01,0,0,0,0,1.01,0,1-2H
0,0,0,0,0,0,4.11,0,0,0,MAIOR 4H
0,0,0,0,0,0,6.91,0,0,0,MAIOR 4H
0,0,0,0,0,0,0,0,6.7,0,MAIOR 4H
0,0,0,0,0,0,0,5.12,0,0,MAIOR 4H
0,0,0,1.77,0,0,0,0,0,0,1-2H
0,0,0,0,0,0,0,0,6.1,0,MAIOR 4H
0,0,0,1.79,0,0,0,0,0,0,1-2H
1.01,0,0,0,0,0,0,0,0,0,1-2H
0,0,0,0,0,0,4.02,0,0,4.02,MAIOR 4H
0,0,0,0,0,0,0,0,4.83,0,MAIOR 4H
0,0,0,0,0,0,1.05,0,0,0,1-2H
8.89,0,0,0,0,0,0,0,0,0,MAIOR 4H
3.2,0,0,3.2,0,0,0,0,0,0,2-4H
0,0,0,0,0,0,0,0,7.27,0,MAIOR 4H
0,0,0,0,0,0,0,0,1.11,0,1-2H
0,0,0,0,0,0,3.93,0,0,0,2-4H
0,0,0,0,0,0,1.16,0,0,0,1-2H
0,0,0,1.02,0,0,0,0,0,0,1-2H
0,0,0,0,0,0,0,4.03,0,0,MAIOR 4H
0,0,0,4.03,0,0,0,0,0,0,MAIOR 4H
0,0,0,2.68,0,0,0,0,0,0,2-4H
0,0,0,0,0,0,5.17,0,0,0,MAIOR 4H
0,0,0,0,0,0,0,0,1.01,0,1-2H
0,0,0,0,0,0,0,0,3.05,0,2-4H
4.97,0,0,0,0,0,0,0,0,0,MAIOR 4H
0,0,0,0,0,0,2,0,0,2,1-2H
0,0,0,0,0,0,3.99,0,0,0,2-4H
0,0,0,0,0,0,0,5.02,0,0,MAIOR 4H
0,0,0,0,0,0,6.92,0,0,0,MAIOR 4H
0,0,0,0,0,0,4.85,0,0,0,MAIOR 4H
0,0,0,8.28,0,0,0,0,0,0,MAIOR 4H
0,0,0,8.27,0,0,0,0,0,0,MAIOR 4H
0,0,0,0,0,0,5.19,0,0,0,MAIOR 4H
0,0,0,0,0,0,0,6.21,0,6.21,MAIOR 4H
0,0,0,3.74,0,0,0,0,0,0,2-4H
0,0,0,0,0,0,0,0,1.3,0,1-2H
0,0,0,0,0,0,1.97,0,0,0,1-2H
1.95,0,0,0,0,0,0,0,0,0,1-2H
2,0,0,0,0,0,2,0,0,0,2-4H
0,0,0,0,0,0,0,0,0,3.98,2-4H
0,0,0,0,0,0,2.04,0,0,0,2-4H
1.16,0,0,0,0,0,0,0,0,0,1-2H
0,0,0,0,0,0,0,0,5.19,0,MAIOR 4H
0,0,0,0,0,0,0,0,5.99,0,MAIOR 4H
0,0,0,0,0,0,2.22,0,0,0,2-4H
4.78,0,0,0,0,0,4.78,0,0,0,MAIOR 4H
0,0,0,0,0,0,0,0,0,1.68,1-2H
3.8,0,0,0,0,0,0,0,0,0,2-4H
0,0,0,0,0,0,0,0,5.2,0,MAIOR 4H
0,0,0,0,0,0,0,0,9.28,0,MAIOR 4H
0,0,0,4.14,0,0,0,0,0,0,MAIOR 4H
0,0,0,0,0,0,5.1,0,0,0,MAIOR 4H
0,0,0,0,6.04,0,0,0,0,0,MAIOR 4H
0,0,0,0,0,0,0,0,2.13,0,2-4H
2.27,0,0,0,0,0,0,0,0,0,2-4H
0,4.83,0,0,0,0,0,0,0,0,MAIOR 4H
0,0,0,0,0,0,3.7,0,0,0,2-4H
0,0,0,0,2.3,0,0,0,0,0,2-4H
0,0,0,8.83,0,0,0,0,0,0,MAIOR 4H
0,0,0,0,0,0,0,0,3.9,0,2-4H
3.86,0,0,0,0,0,0,0,0,0,2-4H
0,0,0,0,0,0,2.21,0,0,0,2-4H
0,0,0,0,0,0,0,0,7.91,0,MAIOR 4H
0,0,0,0,3.74,0,0,0,0,0,2-4H
0,0,0,0,0,0,3.04,0,0,0,2-4H
0,0,0,2.98,0,0,2.98,2.98,0,0,2-4H
0,0,0,0,0,0,0,1.31,0,0,1-2H
0,1.24,0,0,0,0,0,0,0,0,1-2H
0,0,0,0,0,0,1.37,0,0,0,1-2H
0,0,0,0,0,0,5.29,0,0,0,MAIOR 4H
0,0,0,0,0,0,5.28,0,0,0,MAIOR 4H
0,0,0,0,0,0,5.28,0,0,0,MAIOR 4H
0,0,0,0,0,0,5.27,0,0,0,MAIOR 4H
0,0,0,2.11,0,0,0,0,0,0,2-4H
0,0,0,2.04,0,0,0,0,2.04,0,2-4H
0,0,0,0,0,0,5.01,0,0,0,MAIOR 4H
0,0,0,0,0,0,0,4.08,0,0,MAIOR 4H
0,0,0,0,0,0,0,1.3,0,0,1-2H
0,0,0,1.23,0,0,0,0,1.23,0,1-2H
0,0,0,6.09,0,0,0,0,0,0,MAIOR 4H
0,0,0,1.01,0,0,0,0,0,0,1-2H
0,0,0,0,0,0,7.05,0,0,0,MAIOR 4H
0,0,0,4.82,0,4.82,0,0,0,0,MAIOR 4H
0,0,0,2.08,0,0,0,0,0,0,2-4H
0,0,0,1.06,0,0,0,0,0,0,1-2H
0,0,0,2,0,0,0,0,0,0,2-4H
0,0,0,0,0,0,1.3,0,0,0,1-2H
0,0,0,0,0,0,0,0,7.02,0,MAIOR 4H
7.08,0,0,0,0,0,0,0,0,0,MAIOR 4H
0,0,0,0,0,0,0,0,1.36,0,1-2H
0,3.24,0,0,0,0,0,0,0,0,2-4H
0,0,0,0,0,0,2.67,0,0,0,2-4H
0,0,0,0,0,0,0,2.7,0,0,2-4H
0,0,0,2.01,0,0,0,0,0,0,2-4H
0,0,0,1.04,1.04,0,0,0,0,0,1-2H
0,0,0,0,0,0,1.84,1.84,0,0,1-2H
0,0,0,1.32,0,0,0,0,0,0,1-2H
0,0,0,6.98,0,0,0,0,0,0,MAIOR 4H
6.14,0,0,0,0,0,0,6.14,0,0,MAIOR 4H
0,0,0,0,0,0,0,1.24,0,0,1-2H
0,0,0,0,0,0,0,1,0,0,1-2H
7.03,0,0,0,0,0,7.03,0,0,0,MAIOR 4H
0,0,0,0,0,0,7.02,0,0,0,MAIOR 4H
0,0,0,0,0,0,0,0,1.69,0,1-2H
0,0,0,0,0,5.79,0,0,0,0,MAIOR 4H
0,0,0,0,0,0,0,0,0,1.12,1-2H
0,0,0,0,0,0,0,0,7.11,0,MAIOR 4H
0,0,0,0,0,0,5.85,0,0,0,MAIOR 4H
0,0,0,4.95,0,0,0,0,0,0,MAIOR 4H
0,0,0,0,0,0,0,0,10.23,0,MAIOR 4H
0,0,0,0,0,0,5.72,0,0,0,MAIOR 4H
0,0,0,5.26,0,0,0,0,0,0,MAIOR 4H
0,0,0,3.81,0,3.81,0,0,0,0,2-4H
0,0,0,3.03,0,0,0,0,0,0,2-4H
0,0,0,7.03,0,0,0,0,0,0,MAIOR 4H
0,0,0,3.99,0,3.99,0,0,0,0,2-4H
0,0,0,1.85,0,0,0,0,0,0,1-2H
3.33,0,0,0,0,0,0,0,0,0,2-4H
0,0,0,0,0,0,0,0,0,1.08,1-2H
5.98,0,0,0,0,0,0,0,0,0,MAIOR 4H
0,0,0,0,0,0,0,0,3.07,0,2-4H
0,0,0,0,0,0,1.6,0,0,0,1-2H
0,0,0,0,0,0,0,0,2.11,0,2-4H
0,0,0,0,2.04,0,0,0,0,0,2-4H
0,0,0,7.11,0,0,0,0,0,0,MAIOR 4H
0,0,0,0,0,0,0,1.07,0,0,1-2H
0,0,0,0,0,0,0,0,4.24,0,MAIOR 4H
0,0,0,4.77,0,0,0,0,0,0,MAIOR 4H
0,0,0,0,0,0,0,4.73,0,0,MAIOR 4H
0,0,0,0,0,0,0,4.75,0,0,MAIOR 4H
0,0,0,0,0,0,6.1,0,0,0,MAIOR 4H
0,0,0,5.35,0,0,0,0,0,0,MAIOR 4H
0,0,0,1.09,0,0,0,0,0,0,1-2H
0,0,0,0,0,0,0,0,7.9,0,MAIOR 4H
0,0,0,0,0,0,4.98,0,0,0,MAIOR 4H
1.03,0,0,0,0,0,0,0,0,0,1-2H
0,0,0,3.33,0,0,0,0,0,0,2-4H
0,0,0,0,0,0,0,9.12,0,0,MAIOR 4H
2.87,0,0,0,0,0,0,0,0,0,2-4H
0,0,0,2.92,0,0,0,0,0,0,2-4H
0,0,0,0,0,0,4.04,0,0,0,MAIOR 4H
0,2.72,0,0,0,0,0,0,0,0,2-4H
0,0,0,2.32,0,0,0,0,0,0,2-4H
0,0,0,1.31,0,0,0,0,0,0,1-2H
0,0,0,8.93,0,0,0,0,0,0,MAIOR 4H
3.37,0,0,0,0,0,3.37,0,0,0,2-4H
0,0,0,0,0,0,0,7.96,0,0,MAIOR 4H
0,0,0,0,0,0,0,0,0,1.1,1-2H
0,0,0,0,0,0,0,0,7.04,0,MAIOR 4H
1.01,0,0,0,0,0,0,0,0,0,1-2H
0,0,0,6.22,0,0,0,0,0,0,MAIOR 4H
0,0,0,8.32,0,0,0,0,0,0,MAIOR 4H
0,0,0,0,0,0,0,0,2.23,0,2-4H
0,0,0,0,0,0,2.23,0,0,2.23,2-4H
0,0,0,0,0,0,0,0,5.08,0,MAIOR 4H
0,0,0,0,0,0,0,0,5.24,0,MAIOR 4H
0,0,0,0,0,0,0,0,1.96,0,1-2H
1.16,0,0,0,0,0,0,0,0,0,1-2H
0,0,0,1.06,0,0,0,0,0,0,1-2H
0,0,0,1.8,0,1.8,0,0,0,0,1-2H
0,0,0,1.85,0,0,0,0,0,0,1-2H
0,0,0,4.99,0,0,0,0,0,0,MAIOR 4H
0,0,0,3.72,3.72,0,0,0,0,0,2-4H
0,0,0,5.92,0,0,0,0,0,0,MAIOR 4H
0,0,0,0,0,0,3.1,0,0,0,2-4H
0,0,0,1.19,0,0,0,0,0,0,1-2H
0,0,0,0,0,0,0,0,1.35,0,1-2H
0,0,0,0,0,0,0,0,0,8.93,MAIOR 4H
0,0,0,2.03,0,0,0,0,0,0,2-4H
3.06,0,0,0,0,0,0,0,0,0,2-4H
0,0,0,0,11.15,0,0,0,0,0,MAIOR 4H
0,0,0,0,0,0,1.01,0,0,0,1-2H
1.61,0,0,0,0,0,0,0,0,0,1-2H
1.82,0,0,0,0,0,0,0,0,0,1-2H
0,0,0,5.9,0,0,0,0,0,0,MAIOR 4H
0,0,0,0,0,0,1.09,0,0,1.09,1-2H
1.03,0,0,0,0,0,0,0,0,0,1-2H
0,0,0,0,0,0,0,1.2,0,0,1-2H
2.13,0,0,0,0,0,0,0,0,0,2-4H
0,0,0,0,0,0,1.91,0,0,0,1-2H
0,0,0,0,0,0,0,0,5.23,0,MAIOR 4H
0,0,0,5.09,0,0,0,0,0,0,MAIOR 4H
0,0,0,0,0,0,0,5.03,0,0,MAIOR 4H
0,0,0,4.72,4.72,0,0,0,0,0,MAIOR 4H
3.67,0,0,0,0,0,0,0,0,0,2-4H
0,0,0,6.74,6.74,0,0,0,0,0,MAIOR 4H
0,0,0,4.06,0,0,0,0,0,0,MAIOR 4H
0,0,0,2.94,0,0,0,0,0,0,2-4H
0,0,0,0,0,0,11,0,0,0,MAIOR 4H
0,0,0,8.89,0,0,0,0,0,0,MAIOR 4H
0,0,0,0,0,0,0,0,2.98,0,2-4H
3.08,0,0,0,0,0,0,0,0,0,2-4H
1.33,0,0,0,0,0,1.33,0,0,0,1-2H
0,0,0,0,0,0,0,0,3.85,0,2-4H
0,0,0,0,0,0,1.07,0,0,0,1-2H
0,0,0,2.99,0,0,0,0,0,0,2-4H
0,0,0,0,0,0,6.25,0,0,0,MAIOR 4H
0,0,0,0,0,0,1.7,0,0,1.7,1-2H
0,0,0,0,0,0,0,3.91,0,0,2-4H
0,0,0,0,0,0,4.08,0,0,0,MAIOR 4H
0,0,0,4.98,0,0,0,0,0,0,MAIOR 4H
0,0,0,0,0,0,0,0,2.08,0,2-4H
0,0,0,1.07,0,0,0,0,0,0,1-2H
0,0,0,0,0,0,2.22,0,0,0,2-4H
0,0,0,7.04,0,0,0,0,0,0,MAIOR 4H
0,0,0,4.04,0,0,0,0,0,0,MAIOR 4H
0,0,0,0,0,0,0,0,1.1,0,1-2H
3.76,0,0,0,0,0,0,0,0,0,2-4H
0,0,0,0,0,0,0,0,2.3,0,2-4H
0,0,0,3.04,0,0,0,0,0,0,2-4H
0,0,0,0,0,0,6.24,0,0,6.24,MAIOR 4H
0,0,0,0,0,0,0,2.02,0,0,2-4H
0,0,0,0,0,0,0,0,2.99,0,2-4H
0,0,0,0,0,0,0,3.79,0,0,2-4H
0,0,0,2.82,0,0,0,0,0,0,2-4H
0,0,0,1.02,0,1.02,0,0,0,0,1-2H
0,0,0,6.01,0,0,0,0,0,0,MAIOR 4H
0,0,0,0,0,0,3.97,0,0,0,2-4H
0,0,0,0,0,0,0,0,2.01,0,2-4H
0,0,0,2.08,0,0,0,0,0,0,2-4H
0,0,0,2.08,0,0,0,0,0,0,2-4H
0,0,0,1.05,0,0,0,0,0,0,1-2H
0,0,0,0,0,0,2.68,0,0,0,2-4H
0,0,0,0,0,0,0,1.99,0,0,1-2H
0,0,0,0,0,0,1.23,0,0,0,1-2H
0,0,0,0,0,0,0,2.21,0,0,2-4H
0,0,0,0,0,0,0,1.82,0,0,1-2H
4.23,0,0,0,0,0,4.23,0,0,0,MAIOR 4H
0,0,0,0,0,0,0,0,1.24,0,1-2H
0,0,0,0,0,0,0,6.28,0,0,MAIOR 4H
0,0,0,6.25,0,0,0,0,0,0,MAIOR 4H
0,0,0,0,0,4.98,0,0,0,0,MAIOR 4H
0,0,0,0,0,0,0,0,6.01,0,MAIOR 4H
0,0,0,0,0,0,0,1.97,0,0,1-2H
0,0,0,0,0,0,5,0,0,0,MAIOR 4H
0,0,0,0,0,0,3.79,0,0,0,2-4H
3.97,0,0,0,0,0,3.97,0,0,0,2-4H
0,0,0,3.82,0,0,0,0,0,0,2-4H
0,0,0,0,0,0,0,4.88,0,0,MAIOR 4H
0,0,0,1.13,0,0,0,0,0,0,1-2H
0,0,0,0,0,0,0,4.06,0,0,MAIOR 4H
1.01,0,0,0,0,0,0,0,0,0,1-2H
0,0,0,1.07,0,0,0,0,0,0,1-2H
0,0,0,1.2,0,0,0,0,0,0,1-2H
0,0,0,0,0,0,0,0,1.93,0,1-2H
0,0,0,1.93,0,0,0,0,0,0,1-2H
0,0,0,1.02,0,0,0,0,0,0,1-2H
0,0,0,0,0,0,2.21,0,0,0,2-4H
0,0,0,2.01,0,0,0,0,0,0,2-4H
0,0,0,2.08,0,0,0,0,0,0,2-4H
0,0,0,0,0,0,1.16,0,0,0,1-2H
1.22,0,0,0,0,0,0,0,0,1.22,1-2H
0,0,0,0,0,0,1.02,0,0,0,1-2H
0,0,0,0,0,0,1.06,0,0,0,1-2H
0,0,0,0,0,0,1.21,0,0,0,1-2H
0,0,0,0,1.06,0,0,0,0,0,1-2H
0,0,0,1.14,0,0,0,0,0,0,1-2H
0,0,0,0,0,0,0,0,9.85,0,MAIOR 4H
0,0,0,0,0,0,0,0,10.27,0,MAIOR 4H
0,0,0,0,0,0,0,4.2,0,0,MAIOR 4H
0,0,0,8.18,0,0,0,0,0,0,MAIOR 4H
0,0,0,5.99,0,0,0,0,5.99,0,MAIOR 4H
0,0,0,0,0,0,2.07,0,0,2.07,2-4H
0,0,0,0,0,0,0,3.34,0,0,2-4H
0,0,0,1.01,0,0,0,1.01,0,0,1-2H
0,0,0,0,0,0,2.16,0,0,0,2-4H
0,0,0,0,0,0,0,0,0,5.02,MAIOR 4H
0,0,0,0,0,4.98,0,0,0,0,MAIOR 4H
0,0,0,0,0,0,0,0,1.23,0,1-2H
0,0,0,2.89,0,2.89,0,0,0,0,2-4H
0,0,0,0,0,0,1.15,0,0,1.15,1-2H
0,0,0,0,0,0,5.91,0,0,5.91,MAIOR 4H
0,0,0,0,0,0,0,0,3.01,0,2-4H
0,0,0,0,0,0,0,2.83,0,0,2-4H
0,0,0,0,0,2.96,0,0,0,0,2-4H
0,0,0,0,0,0,6.58,0,0,6.58,MAIOR 4H
5.89,0,0,0,0,0,0,0,0,0,MAIOR 4H
0,0,0,0,0,0,0,0,0,4.99,MAIOR 4H
0,0,0,0,0,0,3.02,0,0,3.02,2-4H
0,0,0,0,0,0,3.37,0,0,0,2-4H
1.27,0,0,0,0,0,1.27,0,0,0,1-2H
0,0,0,0,0,0,2.99,0,0,0,2-4H
0,0,0,2.93,0,0,0,0,0,0,2-4H
0,0,0,7.13,0,0,0,0,0,0,MAIOR 4H
0,0,0,0,0,0,2.92,0,0,0,2-4H
0,0,0,0,0,0,0,0,0,3.02,2-4H
0,0,0,0,0,0,0,0,3.25,0,2-4H
0,0,0,0,0,0,2.19,0,0,0,2-4H
0,0,0,0,0,0,3.75,0,0,0,2-4H
2.14,0,0,0,0,0,2.14,0,0,0,2-4H
0,0,0,1.87,0,1.87,0,0,0,0,1-2H
1.04,0,0,0,0,0,0,0,0,0,1-2H
0,0,0,0,0,0,0,0,9.59,0,MAIOR 4H
0,0,0,0,0,0,1.04,0,0,0,1-2H
0,0,0,9.07,0,0,0,0,0,0,MAIOR 4H
0,0,0,4.85,0,0,0,0,0,0,MAIOR 4H
0,0,0,0,0,0,1.95,0,0,0,1-2H
0,0,0,0,0,0,1.81,0,0,0,1-2H
0,0,0,0,0,0,6.93,0,0,6.93,MAIOR 4H
0,0,0,0,0,0,0,0,0,3.01,2-4H
0,0,0,0,0,0,0,0,0,2.81,2-4H
0,0,0,1.98,0,0,0,0,0,0,1-2H
0,0,0,0,0,5.06,0,0,0,0,MAIOR 4H
5.02,0,0,0,0,0,5.02,0,0,0,MAIOR 4H
0,0,0,6.99,0,0,0,0,0,0,MAIOR 4H
1.25,0,0,0,0,0,1.25,0,0,0,1-2H
0,0,0,0,0,0,0,2.67,0,0,2-4H
0,0,0,2.01,0,0,0,0,0,0,2-4H
0,0,0,2.16,0,0,0,0,0,0,2-4H
0,0,0,0,0,0,0,10.79,0,0,MAIOR 4H
0,0,0,0,0,3.04,0,0,0,0,2-4H
0,0,0,3.34,0,0,0,0,0,0,2-4H
0,0,0,8.07,0,0,0,0,0,0,MAIOR 4H
1.25,0,0,0,0,0,1.25,0,0,0,1-2H
0,0,0,0,0,0,3.07,0,0,3.07,2-4H
0,0,0,1,0,0,0,0,0,0,1-2H
0,0,0,0,0,0,0,0,0,9.05,MAIOR 4H
1.05,0,0,0,0,0,0,0,0,0,1-2H
0,0,0,0,0,0,0,0,3.33,0,2-4H
1.18,0,0,0,0,0,0,0,0,0,1-2H
0,0,0,0,0,0,2.02,0,0,0,2-4H
0,0,0,0,0,0,0,0,4.98,0,MAIOR 4H
0,0,0,1.01,0,0,0,0,0,0,1-2H
0,0,0,0,0,0,0,0,9.33,0,MAIOR 4H
0,0,0,0,0,0,2.97,0,0,0,2-4H
0,0,0,10.88,0,0,0,0,0,10.88,MAIOR 4H
0,0,0,0,0,0,0,0,1.09,0,1-2H
0,0,0,0,0,0,2.8,0,0,0,2-4H
0,0,0,0,3.28,0,0,0,0,0,2-4H
0,0,0,0,0,0,5.81,0,0,0,MAIOR 4H
0,0,0,0,0,0,0,0,4.18,0,MAIOR 4H
0,0,0,0,0,0,1.06,0,0,0,1-2H
0,0,0,0,0,0,0,0,1.07,0,1-2H
0,0,0,0,0,0,0,0,0,9.31,MAIOR 4H
0,0,0,0,0,0,0,1.01,0,0,1-2H
0,0,0,5.37,0,0,0,0,0,0,MAIOR 4H
0,1.12,0,0,0,0,0,0,0,0,1-2H
0,0,0,0,0,0,0,0,9.31,0,MAIOR 4H
0,0,0,0,0,0,2.18,0,0,0,2-4H
0,0,0,0,0,0,0,0,9.31,0,MAIOR 4H
0,0,0,0,0,0,11.12,0,0,0,MAIOR 4H
0,0,0,0,0,0,2,0,0,2,2-4H
0,0,0,0,0,0,1.76,0,0,0,1-2H
1.43,0,0,0,0,0,0,1.43,0,0,1-2H
0,0,0,8.15,0,0,0,0,0,0,MAIOR 4H
0,0,0,0,0,0,0,5.99,0,0,MAIOR 4H
0,0,0,1.96,0,0,0,0,0,0,1-2H
0,0,0,0,0,0,0,7.42,0,0,MAIOR 4H
0,0,0,0,1.87,0,1.87,0,0,0,1-2H
0,0,0,0,0,0,6.75,0,0,6.75,MAIOR 4H
0,0,0,0,0,0,4.85,0,0,0,MAIOR 4H
0,1.93,0,0,0,0,0,0,0,0,1-2H
0,0,0,0,3.02,0,0,0,0,0,2-4H
0,0,0,0,0,0,2.95,0,0,0,2-4H
0,0,0,0,0,0,5.74,0,0,5.74,MAIOR 4H
0,0,0,8.05,0,0,0,0,0,0,MAIOR 4H
6.73,0,0,0,0,0,0,0,0,0,MAIOR 4H
5.92,0,0,0,0,0,5.92,0,0,0,MAIOR 4H
0,0,0,0,0,0,0,8.15,0,0,MAIOR 4H
0,0,0,0,0,0,5.02,0,0,0,MAIOR 4H
0,0,0,0,0,0,0,0,4.05,0,MAIOR 4H
0,0,0,0,0,2.94,0,0,0,0,2-4H
0,0,0,0,0,0,0,3.37,0,0,2-4H
0,0,0,0,0,0,2.99,0,0,0,2-4H
0,0,0,0,0,0,3.22,0,0,0,2-4H
0,0,0,0,0,0,1.22,0,0,0,1-2H
0,0,0,0,0,0,1.06,0,0,1.06,1-2H
1.83,0,0,0,0,0,1.83,0,0,0,1-2H
0,0,0,0,0,0,1.81,0,0,0,1-2H
0,0,0,0,0,0,1.12,0,0,0,1-2H
1.17,0,0,0,0,0,0,0,0,0,1-2H
0,0,0,0,0,0,0,6.06,0,0,MAIOR 4H
0,0,0,6.16,0,0,0,0,0,0,MAIOR 4H
0,0,0,1.14,0,0,0,0,0,0,1-2H
0,0,0,1.03,0,1.03,0,0,0,0,1-2H
0,0,0,0,1.14,0,0,0,0,0,1-2H
0,0,0,0,0,0,0,0,7.11,0,MAIOR 4H
0,0,0,0,8.2,0,0,0,0,0,MAIOR 4H
0,0,0,0,8.2,0,0,0,0,0,MAIOR 4H
0,0,0,1.12,0,0,0,0,0,0,1-2H
0,0,0,1.71,0,0,0,0,0,0,1-2H
0,0,0,0,0,0,2.08,0,0,0,2-4H
0,0,0,1.3,0,0,0,0,0,0,1-2H
0,0,0,0,0,0,0,2.4,0,0,2-4H
0,0,0,0,7.15,0,0,0,0,0,MAIOR 4H
0,0,0,0,0,0,0,1.92,0,0,1-2H
0,0,0,0,0,0,2.29,0,0,0,2-4H
0,0,0,4,0,0,0,0,0,0,MAIOR 4H
0,3.33,0,0,0,0,0,0,0,0,2-4H
0,0,0,0,0,0,0,0,1.02,0,1-2H
0,0,0,0,4.98,0,0,0,0,0,MAIOR 4H
0,0,0,2.25,0,0,0,0,0,0,2-4H
0,0,0,2.26,0,2.26,0,0,0,0,2-4H
0,0,0,0,1.02,0,0,0,0,0,1-2H
0,0,0,6.08,0,0,0,0,0,0,MAIOR 4H
0,0,0,0,0,0,0,4.15,4.15,0,MAIOR 4H
0,0,0,0,0,0,0,0,10.04,0,MAIOR 4H
0,0,0,2.77,0,0,0,0,0,0,2-4H
0,0,0,2.04,0,0,0,0,0,0,2-4H
0,0,0,8.28,0,0,0,0,0,0,MAIOR 4H
1.71,0,0,0,0,0,0,0,0,1.71,1-2H
0,0,0,6.97,0,0,0,0,0,0,MAIOR 4H
0,0,0,0,0,0,1.02,0,0,0,1-2H
0,0,0,0,3.07,0,0,0,0,0,2-4H
0,0,0,0,0,0,3.14,0,0,0,2-4H
0,0,0,1.09,0,1.09,0,0,0,0,1-2H
0,0,0,0,0,2.92,0,0,0,0,2-4H
0,0,0,0,0,0,3.4,0,0,0,2-4H
0,0,0,0,0,0,0,4.23,0,0,MAIOR 4H
1.16,0,0,0,0,0,1.16,0,0,0,1-2H
0,0,0,0,0,0,0,3.09,0,0,2-4H
0,0,0,0,0,0,5.91,0,0,0,MAIOR 4H
3.87,0,0,0,0,0,3.87,0,0,0,2-4H
0,0,0,0,0,0,2.75,0,0,0,2-4H
0,0,0,5.03,0,0,0,0,0,0,MAIOR 4H
0,0,0,1.81,0,0,0,0,0,0,1-2H
0,0,0,1.7,0,0,0,0,0,0,1-2H
0,0,0,4.97,0,0,0,0,0,0,MAIOR 4H
0,0,0,2.02,0,0,0,0,0,0,2-4H
0,0,0,0,2.99,0,0,0,0,0,2-4H
0,0,0,0,0,0,0,0,1.13,0,1-2H
3.42,0,0,0,0,0,0,0,0,0,2-4H
0,0,0,0,0,0,2.82,0,0,2.82,2-4H
4.09,0,0,0,0,0,0,0,0,0,MAIOR 4H
0,0,0,0,0,0,2.76,0,0,2.76,2-4H
0,0,0,1.19,0,1.19,0,0,0,0,1-2H
0,0,0,1.19,0,0,0,0,0,0,1-2H
0,0,0,7.18,0,0,0,0,0,0,MAIOR 4H
0,0,0,0,0,0,0,0,6.13,0,MAIOR 4H
0,0,0,0,0,0,0,0,7.04,0,MAIOR 4H
1.29,0,0,0,0,0,1.29,0,0,0,1-2H
10.73,0,0,0,0,0,0,0,0,0,MAIOR 4H
0,0,0,0,0,6.83,0,0,0,0,MAIOR 4H
0,0,0,0,0,0,0,10.12,0,0,MAIOR 4H
0,0,0,0,0,1.1,0,0,0,0,1-2H
0,0,0,0,0,0,0,0,0,8.77,MAIOR 4H
0,0,0,0,0,0,0,0,0,8.79,MAIOR 4H
0,0,0,1.04,1.04,0,0,0,0,0,1-2H
0,0,0,0,0,0,1.81,0,0,0,1-2H
0,0,0,0,0,0,1.08,0,0,0,1-2H
2,0,0,0,0,0,0,0,0,0,1-2H
1.02,0,0,0,0,0,0,0,0,0,1-2H
0,0,0,0,1.06,0,0,0,0,0,1-2H
1.39,0,0,0,0,0,1.39,0,0,0,1-2H
0,0,0,0,1.36,0,0,0,0,0,1-2H
0,0,0,0,0,0,2.33,0,0,0,2-4H
0,0,0,1.02,0,0,0,0,0,0,1-2H
0,0,0,1.01,0,0,0,0,0,0,1-2H
0,0,0,0,0,0,0,2.24,0,0,2-4H
0,0,0,2.89,0,0,0,0,0,0,2-4H
2.27,0,0,0,0,0,2.27,0,0,0,2-4H
1.28,0,0,0,0,0,0,0,0,0,1-2H
0,0,0,0,0,0,0,1.07,0,0,1-2H
